invoice_date,job_card_date,business_partner_name,vehicle_no,vehicle_model,current_km_reading,invoice_line_text
30-05-17,30-05-17,shivXXXXXXXXXX,KA03MFXXXX,"BAJAJ AVENGER STREET 220",50000,"ENGINE OIL"
02-06-17,31-05-17,KIRAXXXXXXXXXX,KA53ESXXXX,"BAJAJ PULSAR NS 200",758,"ENGINE OIL"
02-06-17,31-05-17,KIRAXXXXXXXXXX,KA53ESXXXX,"BAJAJ PULSAR NS 200",758,POLISH
02-06-17,31-05-17,KIRAXXXXXXXXXX,KA53ESXXXX,"BAJAJ PULSAR NS 200",758,CONSUMABLES
02-06-17,31-05-17,KIRAXXXXXXXXXX,KA53ESXXXX,"BAJAJ PULSAR NS 200",758,"COOLANT OIL"
02-06-17,31-05-17,KIRAXXXXXXXXXX,KA53ESXXXX,"BAJAJ PULSAR NS 200",758,"CHAIN LUBRICATION"
02-06-17,31-05-17,KIRAXXXXXXXXXX,KA53ESXXXX,"BAJAJ PULSAR NS 200",758,"4 WAY SWITCH"
31-05-17,31-05-17,pattXXXXXXXXXX,KA53EMXXXX,"BAJAJ PLATINA",3717,"ENGINE OIL"
31-05-17,31-05-17,pattXXXXXXXXXX,KA53EMXXXX,"BAJAJ PLATINA",3717,"3M OIL"
31-05-17,31-05-17,pattXXXXXXXXXX,KA53EMXXXX,"BAJAJ PLATINA",3717,"CHAIN LUBRICATION"
31-05-17,31-05-17,diliXXXXXXXXXX,KA53S3XXXX,"BAJAJ V",2800,"GENERAL SERVICE"
31-05-17,31-05-17,diliXXXXXXXXXX,KA53S3XXXX,"BAJAJ V",2800,"ENGINE OIL"
31-05-17,31-05-17,diliXXXXXXXXXX,KA53S3XXXX,"BAJAJ V",7854,"OIL FILTER"
31-05-17,31-05-17,diliXXXXXXXXXX,KA53S3XXXX,"BAJAJ V",7854,"ENGINE OIL"
31-05-17,31-05-17,VENKXXXXXXXXXX,KA53ERXXXX,"BAJAJ PULSAR 150",5391,"ENGINE OIL"
31-05-17,31-05-17,VENKXXXXXXXXXX,KA53ERXXXX,"BAJAJ PULSAR 150",5391,"3M OIL"
31-05-17,31-05-17,VENKXXXXXXXXXX,KA53ERXXXX,"BAJAJ PULSAR 150",5391,"CHAIN LUBRICATION"
03-06-17,31-05-17,MAYAXXXXXXXXXX,KA05JGXXXX,"BAJAJ PULSAR 220",25000,INDICATOR
03-06-17,31-05-17,MAYAXXXXXXXXXX,KA05JGXXXX,"BAJAJ PULSAR 220",25000,"HEAD REST"
03-06-17,31-05-17,MAYAXXXXXXXXXX,KA05JGXXXX,"BAJAJ PULSAR 220",25000,"VALVE GUIDE"
03-06-17,31-05-17,MAYAXXXXXXXXXX,KA05JGXXXX,"BAJAJ PULSAR 220",25000,"TIMMING CHAIN"
03-06-17,31-05-17,MAYAXXXXXXXXXX,KA05JGXXXX,"BAJAJ PULSAR 220",25000,"FOOT REST"
03-06-17,31-05-17,MAYAXXXXXXXXXX,KA05JGXXXX,"BAJAJ PULSAR 220",25000,"LOW BEAM BULB"
03-06-17,31-05-17,MAYAXXXXXXXXXX,KA05JGXXXX,"BAJAJ PULSAR 220",25000,"VALVE GRAINDING"
03-06-17,31-05-17,MAYAXXXXXXXXXX,KA05JGXXXX,"BAJAJ PULSAR 220",25000,"DISC PAD"
03-06-17,31-05-17,MAYAXXXXXXXXXX,KA05JGXXXX,"BAJAJ PULSAR 220",25000,"LOADING GEAR"
03-06-17,31-05-17,MAYAXXXXXXXXXX,KA05JGXXXX,"BAJAJ PULSAR 220",25000,"PACKING KIT"
03-06-17,31-05-17,MAYAXXXXXXXXXX,KA05JGXXXX,"BAJAJ PULSAR 220",25000,"TIMMING CHAIN PAD"
03-06-17,31-05-17,MAYAXXXXXXXXXX,KA05JGXXXX,"BAJAJ PULSAR 220",25000,TENSIONER
03-06-17,31-05-17,MAYAXXXXXXXXXX,KA05JGXXXX,"BAJAJ PULSAR 220",25000,"CLUTCH BELL REST"
03-06-17,31-05-17,MAYAXXXXXXXXXX,KA05JGXXXX,"BAJAJ PULSAR 220",25000,"ENGINE OIL"
03-06-17,31-05-17,MAYAXXXXXXXXXX,KA05JGXXXX,"BAJAJ PULSAR 220",25000,"CLUTCH ASSEMBLY"
03-06-17,31-05-17,MAYAXXXXXXXXXX,KA05JGXXXX,"BAJAJ PULSAR 220",25000,"VALVE KIT"
03-06-17,31-05-17,MAYAXXXXXXXXXX,KA05JGXXXX,"BAJAJ PULSAR 220",25000,"SPARK PLUG"
03-06-17,31-05-17,MAYAXXXXXXXXXX,KA05JGXXXX,"BAJAJ PULSAR 220",25000,"ONE WAY CLUTCH"
03-06-17,31-05-17,MAYAXXXXXXXXXX,KA05JGXXXX,"BAJAJ PULSAR 220",25000,"BORE KIT"
03-06-17,31-05-17,MAYAXXXXXXXXXX,KA05JGXXXX,"BAJAJ PULSAR 220",25000,"AIR FILTER"
03-06-17,31-05-17,MAYAXXXXXXXXXX,KA05JGXXXX,"BAJAJ PULSAR 220",25000,"HEAD RUBBER"
03-06-17,31-05-17,MAYAXXXXXXXXXX,KA05JGXXXX,"BAJAJ PULSAR 220",25000,"CLUTCH CABLE"
03-06-17,31-05-17,MAYAXXXXXXXXXX,KA05JGXXXX,"BAJAJ PULSAR 220",25000,"CRANK SHAFT"
03-06-17,31-05-17,MAYAXXXXXXXXXX,KA05JGXXXX,"BAJAJ PULSAR 220",25000,"DISC PAD"
05-06-17,01-06-17,srivXXXXXXXXXX,KA02EWXXXX,"BAJAJ PULSAR 150",41458,"BRAKE ADJUSTMENT"
05-06-17,01-06-17,srivXXXXXXXXXX,KA02EWXXXX,"BAJAJ PULSAR 150",41458,"GENERAL SERVICE"
05-06-17,01-06-17,srivXXXXXXXXXX,KA02EWXXXX,"BAJAJ PULSAR 150",41458,"BRAKE ADJUSTMENT"
05-06-17,01-06-17,srivXXXXXXXXXX,KA02EWXXXX,"BAJAJ PULSAR 150",41458,"HEAD RUBBER"
01-06-17,01-06-17,ANMOXXXXXXXXXX,KA53EQXXXX,"BAJAJ PULSAR 180",8079,"3M OIL"
01-06-17,01-06-17,ANMOXXXXXXXXXX,KA53EQXXXX,"BAJAJ PULSAR 180",8079,"CHAIN LUBRICATION"
01-06-17,01-06-17,ANMOXXXXXXXXXX,KA53EQXXXX,"BAJAJ PULSAR 180",8079,"BRAKE SHOE"
01-06-17,01-06-17,ANMOXXXXXXXXXX,KA53EQXXXX,"BAJAJ PULSAR 180",8079,"ENGINE OIL"
01-06-17,01-06-17,ANMOXXXXXXXXXX,KA53EQXXXX,"BAJAJ PULSAR 180",8079,"AIR FILTER CHECKUP"
01-06-17,01-06-17,PRASXXXXXXXXXX,KA53ERXXXX,"BAJAJ PULSAR 150",5500,"ENGINE OIL"
01-06-17,01-06-17,PRASXXXXXXXXXX,KA53ERXXXX,"BAJAJ PULSAR 150",5500,"AIR FILTER CHECKUP"
01-06-17,01-06-17,PRASXXXXXXXXXX,KA53ERXXXX,"BAJAJ PULSAR 150",5500,"CHAIN LUBRICATION"
01-06-17,01-06-17,PRASXXXXXXXXXX,KA53ERXXXX,"BAJAJ PULSAR 150",5500,"DRUM BOLT WASHER"
01-06-17,01-06-17,PRASXXXXXXXXXX,KA53ERXXXX,"BAJAJ PULSAR 150",5500,"TANK CLEANING"
01-06-17,01-06-17,PRASXXXXXXXXXX,KA53ERXXXX,"BAJAJ PULSAR 150",5500,"3M OIL"
01-06-17,01-06-17,SATHXXXXXXXXXX,KA53ESXXXX,"BAJAJ PULSAR 150",523,"3M OIL"
01-06-17,01-06-17,SATHXXXXXXXXXX,KA53ESXXXX,"BAJAJ PULSAR 150",523,"CHAIN LUBRICATION"
01-06-17,01-06-17,SATHXXXXXXXXXX,KA53ESXXXX,"BAJAJ PULSAR 150",523,"ENGINE OIL"
01-06-17,01-06-17,vinoXXXXXXXXXX,KA51EVXXXX,"BAJAJ AVENGER STREET 220",2750,"ENGINE OIL"
01-06-17,01-06-17,vinoXXXXXXXXXX,KA51EVXXXX,"BAJAJ AVENGER STREET 220",2750,"3M OIL"
01-06-17,01-06-17,vinoXXXXXXXXXX,KA51EVXXXX,"BAJAJ AVENGER STREET 220",2750,"FORK BEND"
01-06-17,01-06-17,vinoXXXXXXXXXX,KA51EVXXXX,"BAJAJ AVENGER STREET 220",2750,"CHAIN LUBRICATION"
01-06-17,01-06-17,diliXXXXXXXXXX,"ka 53 XXXX","BAJAJ V",45421,"GENERAL SERVICE"
01-06-17,01-06-17,diliXXXXXXXXXX,"ka 53 XXXX","BAJAJ V",45421,"ENGINE OIL"
01-06-17,01-06-17,madhXXXXXXXXXX,KA03JJXXXX,"BAJAJ PULSAR 220",4845,"ENGINE OIL"
01-06-17,01-06-17,madhXXXXXXXXXX,KA03JJXXXX,"BAJAJ PULSAR 220",4845,"CHAIN LUBRICATION"
01-06-17,01-06-17,madhXXXXXXXXXX,KA03JJXXXX,"BAJAJ PULSAR 220",4845,"3M OIL"
01-06-17,01-06-17,madhXXXXXXXXXX,KA03JJXXXX,"BAJAJ PULSAR 220",4845,"AIR FILTER CHECKUP"
01-06-17,01-06-17,shivXXXXXXXXXX,KA53V3XXXX,"BAJAJ PULSAR 220",25000,"GENERAL SERVICE"
01-06-17,01-06-17,diliXXXXXXXXXX,KA53S9XXXX,"BAJAJ AVENGER STREET",5214,"ENGINE OIL"
02-06-17,01-06-17,pratXXXXXXXXXX,KA44K6XXXX,"BAJAJ PULSAR 220",58969,INDICATOR
02-06-17,01-06-17,pratXXXXXXXXXX,KA44K6XXXX,"BAJAJ PULSAR 220",58969,"GEAR SHAFT"
02-06-17,01-06-17,pratXXXXXXXXXX,KA44K6XXXX,"BAJAJ PULSAR 220",58969,"CLUTCH COVER GASKET"
02-06-17,01-06-17,pratXXXXXXXXXX,KA44K6XXXX,"BAJAJ PULSAR 220",58969,"ENGINE OIL"
02-06-17,01-06-17,pratXXXXXXXXXX,KA44K6XXXX,"BAJAJ PULSAR 220",58969,"INDICATOR BULB"
02-06-17,01-06-17,pratXXXXXXXXXX,KA44K6XXXX,"BAJAJ PULSAR 220",58969,"GEAR LEVER"
01-06-17,01-06-17,kesaXXXXXXXXXX,KA03HSXXXX,"BAJAJ PULSAR 150",39421,HANDLEBAR
01-06-17,01-06-17,kesaXXXXXXXXXX,KA03HSXXXX,"BAJAJ PULSAR 150",39421,"CRASH GUARD"
01-06-17,01-06-17,kesaXXXXXXXXXX,KA03HSXXXX,"BAJAJ PULSAR 150",39421,"FORK OIL SEAL"
01-06-17,01-06-17,kesaXXXXXXXXXX,KA03HSXXXX,"BAJAJ PULSAR 150",39421,"FORK BEND"
01-06-17,01-06-17,kesaXXXXXXXXXX,KA03HSXXXX,"BAJAJ PULSAR 150",39421,"FORK OIL"
01-06-17,01-06-17,kesaXXXXXXXXXX,KA03HSXXXX,"BAJAJ PULSAR 150",39421,"SIDE SHIELD"
01-06-17,01-06-17,kesaXXXXXXXXXX,KA03HSXXXX,"BAJAJ PULSAR 150",39421,VISIOR
01-06-17,01-06-17,kesaXXXXXXXXXX,KA03HSXXXX,"BAJAJ PULSAR 150",39421,"FORK CONE SET"
01-06-17,01-06-17,kesaXXXXXXXXXX,KA03HSXXXX,"BAJAJ PULSAR 150",39421,"HEAD LIGHT DOOM"
01-06-17,01-06-17,kesaXXXXXXXXXX,KA03HSXXXX,"BAJAJ PULSAR 150",39421,"TANK ASSEMBLY"
01-06-17,01-06-17,kesaXXXXXXXXXX,KA03HSXXXX,"BAJAJ PULSAR 150",39421,"Clutch cable"
01-06-17,01-06-17,kesaXXXXXXXXXX,KA03HSXXXX,"BAJAJ PULSAR 150",39421,"DISC LEVER"
01-06-17,01-06-17,kesaXXXXXXXXXX,KA03HSXXXX,"BAJAJ PULSAR 150",39421,"CARBURETOR CLEANING"
02-06-17,02-06-17,maliXXXXXXXXXX,KA53ERXXXX,"BAJAJ PLATINA",3510,"ENGINE OIL"
02-06-17,02-06-17,maliXXXXXXXXXX,KA53ERXXXX,"BAJAJ PLATINA",3510,"CHAIN LUBRICATION"
02-06-17,02-06-17,maliXXXXXXXXXX,KA53ERXXXX,"BAJAJ PLATINA",3510,"SEAT COVER"
02-06-17,02-06-17,maliXXXXXXXXXX,KA53ERXXXX,"BAJAJ PLATINA",3510,"3M OIL"
02-06-17,02-06-17,maliXXXXXXXXXX,KA53ERXXXX,"BAJAJ PLATINA",3510,"OIL FILTER"
02-06-17,02-06-17,POTHXXXXXXXXXX,KA53ESXXXX,"BAJAJ AVENGER STREET 220",730,BUZZER
02-06-17,02-06-17,POTHXXXXXXXXXX,KA53ESXXXX,"BAJAJ AVENGER STREET 220",730,"3M OIL"
02-06-17,02-06-17,POTHXXXXXXXXXX,KA53ESXXXX,"BAJAJ AVENGER STREET 220",730,"ENGINE OIL"
02-06-17,02-06-17,POTHXXXXXXXXXX,KA53ESXXXX,"BAJAJ AVENGER STREET 220",730,"CHAIN LUBRICATION"
02-06-17,02-06-17,VARUXXXXXXXXXX,KA53EPXXXX,"BAJAJ PULSAR 150",4707,"3M OIL"
02-06-17,02-06-17,VARUXXXXXXXXXX,KA53EPXXXX,"BAJAJ PULSAR 150",4707,"ENGINE OIL"
02-06-17,02-06-17,VARUXXXXXXXXXX,KA53EPXXXX,"BAJAJ PULSAR 150",4707,"CHAIN LUBRICATION"
03-06-17,02-06-17,dineXXXXXXXXXX,KA53EQXXXX,"BAJAJ CT 100",4170,"3M OIL"
03-06-17,02-06-17,dineXXXXXXXXXX,KA53EQXXXX,"BAJAJ CT 100",4170,"TAIL LAMP BULB"
03-06-17,02-06-17,dineXXXXXXXXXX,KA53EQXXXX,"BAJAJ CT 100",4170,"ENGINE OIL"
03-06-17,02-06-17,dineXXXXXXXXXX,KA53EQXXXX,"BAJAJ CT 100",4170,"CHAIN LUBRICATION"
03-06-17,03-06-17,nagaXXXXXXXXXX,KA53EMXXXX,"BAJAJ PULSAR 220",12060,"GENERAL SERVICE"
03-06-17,03-06-17,nagaXXXXXXXXXX,KA53EMXXXX,"BAJAJ PULSAR 220",12060,"Clutch cable"
03-06-17,03-06-17,nagaXXXXXXXXXX,KA53EMXXXX,"BAJAJ PULSAR 220",12060,"ENGINE OIL"
03-06-17,03-06-17,nagaXXXXXXXXXX,KA53EMXXXX,"BAJAJ PULSAR 220",12060,"AIR FILTER CHECKUP"
03-06-17,03-06-17,nagaXXXXXXXXXX,KA53EMXXXX,"BAJAJ PULSAR 220",12060,"DISC OIL"
03-06-17,03-06-17,nagaXXXXXXXXXX,KA53EMXXXX,"BAJAJ PULSAR 220",12060,"CHAIN LUBRICATION"
03-06-17,03-06-17,prakXXXXXXXXXX,KA02EJXXXX,"BAJAJ PULSAR 150",9462,"DISC OIL"
03-06-17,03-06-17,prakXXXXXXXXXX,KA02EJXXXX,"BAJAJ PULSAR 150",9462,"DISC OVERHUAL"
03-06-17,03-06-17,prakXXXXXXXXXX,KA02EJXXXX,"BAJAJ PULSAR 150",9462,"GENERAL SERVICE"
03-06-17,03-06-17,prakXXXXXXXXXX,KA02EJXXXX,"BAJAJ PULSAR 150",9462,"MASTER ASSEMBLY"
03-06-17,03-06-17,prakXXXXXXXXXX,KA02EJXXXX,"BAJAJ PULSAR 150",9462,"CHAIN LUBRICATION"
03-06-17,03-06-17,prakXXXXXXXXXX,KA02EJXXXX,"BAJAJ PULSAR 150",9462,"ENGINE OIL"
03-06-17,03-06-17,manjXXXXXXXXXX,KA53ERXXXX,"BAJAJ AVENGER STREET 220",2241,"3M OIL"
03-06-17,03-06-17,manjXXXXXXXXXX,KA53ERXXXX,"BAJAJ AVENGER STREET 220",2241,POLISH
03-06-17,03-06-17,manjXXXXXXXXXX,KA53ERXXXX,"BAJAJ AVENGER STREET 220",2241,"ENGINE OIL"
03-06-17,03-06-17,manjXXXXXXXXXX,KA53ERXXXX,"BAJAJ AVENGER STREET 220",2241,"CHAIN LUBRICATION"
03-06-17,03-06-17,manjXXXXXXXXXX,KA53ERXXXX,"BAJAJ AVENGER STREET 220",2241,"DISC OIL"
03-06-17,03-06-17,manjXXXXXXXXXX,KA53ERXXXX,"BAJAJ AVENGER STREET 220",2241,CONSUMABLES
04-06-17,03-06-17,hariXXXXXXXXXX,KA53EQXXXX,"BAJAJ PULSAR 150",7753,"CHAIN COVER RUBBER"
04-06-17,03-06-17,hariXXXXXXXXXX,KA53EQXXXX,"BAJAJ PULSAR 150",7753,"ENGINE GUARD"
04-06-17,03-06-17,hariXXXXXXXXXX,KA53EQXXXX,"BAJAJ PULSAR 150",7753,POLISH
04-06-17,03-06-17,hariXXXXXXXXXX,KA53EQXXXX,"BAJAJ PULSAR 150",7753,CONSUMABLES
04-06-17,03-06-17,hariXXXXXXXXXX,KA53EQXXXX,"BAJAJ PULSAR 150",7753,"DISC OIL"
04-06-17,03-06-17,hariXXXXXXXXXX,KA53EQXXXX,"BAJAJ PULSAR 150",7753,"ENGINE OIL"
04-06-17,03-06-17,hariXXXXXXXXXX,KA53EQXXXX,"BAJAJ PULSAR 150",7753,"3M OIL"
04-06-17,03-06-17,hariXXXXXXXXXX,KA53EQXXXX,"BAJAJ PULSAR 150",7753,"CHAIN LUBRICATION"
04-06-17,03-06-17,hariXXXXXXXXXX,KA53EQXXXX,"BAJAJ PULSAR 150",7753,"BRAKE ADJUSTMENT"
04-06-17,03-06-17,hariXXXXXXXXXX,KA53EQXXXX,"BAJAJ PULSAR 150",7753,"AIR FILTER CHECKUP"
08-06-17,03-06-17,diliXXXXXXXXXX,KA53ERXXXX,"BAJAJ AVENGER STREET 220",2204,"CLUTCH CAM "
08-06-17,03-06-17,diliXXXXXXXXXX,KA53ERXXXX,"BAJAJ AVENGER STREET 220",2204,"3M OIL"
08-06-17,03-06-17,diliXXXXXXXXXX,KA53ERXXXX,"BAJAJ AVENGER STREET 220",2204,"CHAIN LUBRICATION"
08-06-17,03-06-17,diliXXXXXXXXXX,KA53ERXXXX,"BAJAJ AVENGER STREET 220",2204,"ENGINE OIL"
04-06-17,03-06-17,ramaXXXXXXXXXX,KA53X6XXXX,"BAJAJ DISCOVER",95513,"GENERAL SERVICE"
04-06-17,03-06-17,ramaXXXXXXXXXX,KA53X6XXXX,"BAJAJ DISCOVER",95513,"OIL FILTER"
04-06-17,03-06-17,ramaXXXXXXXXXX,KA53X6XXXX,"BAJAJ DISCOVER",95513,"CHAIN LUBRICATION"
04-06-17,03-06-17,ramaXXXXXXXXXX,KA53X6XXXX,"BAJAJ DISCOVER",95513,"BRAKE ADJUSTMENT"
04-06-17,03-06-17,ramaXXXXXXXXXX,KA53X6XXXX,"BAJAJ DISCOVER",95513,"ENGINE OIL"
04-06-17,03-06-17,ramaXXXXXXXXXX,KA53X6XXXX,"BAJAJ DISCOVER",95513,DOOM
04-06-17,03-06-17,ramaXXXXXXXXXX,KA53X6XXXX,"BAJAJ DISCOVER",95513,VISIOR
04-06-17,03-06-17,ramaXXXXXXXXXX,KA53X6XXXX,"BAJAJ DISCOVER",95513,"AIR FILTER CHECKUP"
04-06-17,04-06-17,sohaXXXXXXXXXX,KA03JGXXXX,"BAJAJ PULSAR LS135",4183,"3M OIL"
04-06-17,04-06-17,sohaXXXXXXXXXX,KA03JGXXXX,"BAJAJ PULSAR LS135",4183,"ENGINE OIL"
04-06-17,04-06-17,sohaXXXXXXXXXX,KA03JGXXXX,"BAJAJ PULSAR LS135",4183,"CHAIN LUBRICATION"
04-06-17,04-06-17,sohaXXXXXXXXXX,KA03JGXXXX,"BAJAJ PULSAR LS135",4183,"DISC OIL"
04-06-17,04-06-17,sohaXXXXXXXXXX,KA03JGXXXX,"BAJAJ PULSAR LS135",4183,POLISH
04-06-17,04-06-17,sohaXXXXXXXXXX,KA03JGXXXX,"BAJAJ PULSAR LS135",4183,CONSUMABLES
04-06-17,04-06-17,dayaXXXXXXXXXX,KA53EPXXXX,"BAJAJ PULSAR 220",8517,"WHEEL RUBBER"
04-06-17,04-06-17,dayaXXXXXXXXXX,KA53EPXXXX,"BAJAJ PULSAR 220",8517,"AIR FILTER CHECKUP"
04-06-17,04-06-17,dayaXXXXXXXXXX,KA53EPXXXX,"BAJAJ PULSAR 220",8517,"ENGINE OIL"
04-06-17,04-06-17,dayaXXXXXXXXXX,KA53EPXXXX,"BAJAJ PULSAR 220",8517,"CHAIN LUBRICATION"
04-06-17,04-06-17,dayaXXXXXXXXXX,KA53EPXXXX,"BAJAJ PULSAR 220",8517,"BRAKE ADJUSTMENT"
04-06-17,04-06-17,prasXXXXXXXXXX,KA53ESXXXX,"BAJAJ PULSAR 220",726,"CHAIN LUBRICATION"
04-06-17,04-06-17,prasXXXXXXXXXX,KA53ESXXXX,"BAJAJ PULSAR 220",726,"ENGINE OIL"
04-06-17,04-06-17,prasXXXXXXXXXX,KA53ESXXXX,"BAJAJ PULSAR 220",726,"3M OIL"
05-06-17,05-06-17,giriXXXXXXXXXX,KA53ENXXXX,"BAJAJ PULSAR 150",18744,"TIMMING CHAIN OVERHUAL"
05-06-17,05-06-17,giriXXXXXXXXXX,KA53ENXXXX,"BAJAJ PULSAR 150",18744,"ENGINE OIL"
05-06-17,05-06-17,giriXXXXXXXXXX,KA53ENXXXX,"BAJAJ PULSAR 150",18744,SERVICE
05-06-17,05-06-17,giriXXXXXXXXXX,KA53ENXXXX,"BAJAJ PULSAR 150",18744,"CHAIN LUBRICATION"
05-06-17,05-06-17,giriXXXXXXXXXX,KA53ENXXXX,"BAJAJ PULSAR 150",18744,"FORK OIL SEAL"
05-06-17,05-06-17,giriXXXXXXXXXX,KA53ENXXXX,"BAJAJ PULSAR 150",18744,TENSIONER
05-06-17,05-06-17,giriXXXXXXXXXX,KA53ENXXXX,"BAJAJ PULSAR 150",18744,"TIMMING CHAIN"
05-06-17,05-06-17,giriXXXXXXXXXX,KA53ENXXXX,"BAJAJ PULSAR 150",18744,"CLUTCH ASSEMBLY"
05-06-17,05-06-17,giriXXXXXXXXXX,KA53ENXXXX,"BAJAJ PULSAR 150",18744,"FORK OIL"
05-06-17,05-06-17,giriXXXXXXXXXX,KA53ENXXXX,"BAJAJ PULSAR 150",18744,"FORK BEND"
05-06-17,05-06-17,giriXXXXXXXXXX,KA53ENXXXX,"BAJAJ PULSAR 150",18744,"AIR FILTER CHECKUP"
05-06-17,05-06-17,giriXXXXXXXXXX,KA53ENXXXX,"BAJAJ PULSAR 150",18744,"FOOT REST"
05-06-17,05-06-17,giriXXXXXXXXXX,KA53ENXXXX,"BAJAJ PULSAR 150",18744,"CLUTCH COVER GASKET"
05-06-17,05-06-17,giriXXXXXXXXXX,KA53ENXXXX,"BAJAJ PULSAR 150",18744,"HEAD RUBBER"
05-06-17,05-06-17,giriXXXXXXXXXX,KA53ENXXXX,"BAJAJ PULSAR 150",18744,"FORK OVERHUAL"
10-06-17,05-06-17,ayusXXXXXXXXXX,AYUSHXXXX,"BAJAJ AVENGER STREET 220",44009,"SPARK PLUG"
10-06-17,05-06-17,ayusXXXXXXXXXX,AYUSHXXXX,"BAJAJ AVENGER STREET 220",44009,"DISC PAD"
10-06-17,05-06-17,ayusXXXXXXXXXX,AYUSHXXXX,"BAJAJ AVENGER STREET 220",44009,"VALVE GUIDE"
10-06-17,05-06-17,ayusXXXXXXXXXX,AYUSHXXXX,"BAJAJ AVENGER STREET 220",44009,"bore kit"
10-06-17,05-06-17,ayusXXXXXXXXXX,AYUSHXXXX,"BAJAJ AVENGER STREET 220",44009,"VALVE KIT"
10-06-17,05-06-17,ayusXXXXXXXXXX,AYUSHXXXX,"BAJAJ AVENGER STREET 220",44009,"ENGINE BEARING"
10-06-17,05-06-17,ayusXXXXXXXXXX,AYUSHXXXX,"BAJAJ AVENGER STREET 220",44009,"LOADING GEAR"
10-06-17,05-06-17,ayusXXXXXXXXXX,AYUSHXXXX,"BAJAJ AVENGER STREET 220",44009,"CRANK RESET"
10-06-17,05-06-17,ayusXXXXXXXXXX,AYUSHXXXX,"BAJAJ AVENGER STREET 220",44009,"PACKING KIT"
10-06-17,05-06-17,ayusXXXXXXXXXX,AYUSHXXXX,"BAJAJ AVENGER STREET 220",44009,"CRANK SHAFT"
10-06-17,05-06-17,ayusXXXXXXXXXX,AYUSHXXXX,"BAJAJ AVENGER STREET 220",44009,"ENGINE OIL"
10-06-17,05-06-17,ayusXXXXXXXXXX,AYUSHXXXX,"BAJAJ AVENGER STREET 220",44009,"TIMMING CHAIN PAD"
10-06-17,05-06-17,ayusXXXXXXXXXX,AYUSHXXXX,"BAJAJ AVENGER STREET 220",44009,TENSIONER
10-06-17,05-06-17,ayusXXXXXXXXXX,AYUSHXXXX,"BAJAJ AVENGER STREET 220",44009,"CLUTCH ASSEMBLY"
10-06-17,05-06-17,ayusXXXXXXXXXX,AYUSHXXXX,"BAJAJ AVENGER STREET 220",44009,"TIMMING CHAIN"
10-06-17,05-06-17,ayusXXXXXXXXXX,AYUSHXXXX,"BAJAJ AVENGER STREET 220",44009,"VALVE GRAINDING"
10-06-17,05-06-17,ayusXXXXXXXXXX,AYUSHXXXX,"BAJAJ AVENGER STREET 220",44009,"CARBURETOR DIAPHRAGM RUBBER"
10-06-17,05-06-17,ayusXXXXXXXXXX,AYUSHXXXX,"BAJAJ AVENGER STREET 220",44009,"HEAD REST"
10-06-17,05-06-17,ayusXXXXXXXXXX,AYUSHXXXX,"BAJAJ AVENGER STREET 220",44009,"AIR FILTER"
10-06-17,05-06-17,ayusXXXXXXXXXX,AYUSHXXXX,"BAJAJ AVENGER STREET 220",44009,"ENGINE LABOUR"
05-06-17,05-06-17,yogeXXXXXXXXXX,KA53EQXXXX,"BAJAJ PULSAR 180",4826,CONSUMABLES
05-06-17,05-06-17,yogeXXXXXXXXXX,KA53EQXXXX,"BAJAJ PULSAR 180",4826,POLISH
05-06-17,05-06-17,yogeXXXXXXXXXX,KA53EQXXXX,"BAJAJ PULSAR 180",4826,"ENGINE OIL"
05-06-17,05-06-17,yogeXXXXXXXXXX,KA53EQXXXX,"BAJAJ PULSAR 180",4826,"CHAIN LUBRICATION"
05-06-17,05-06-17,yogeXXXXXXXXXX,KA53EQXXXX,"BAJAJ PULSAR 180",4826,"3M OIL"
05-06-17,05-06-17,suryXXXXXXXXXX,KA53EDXXXX,"BAJAJ PULSAR 150",36213,"AIR FILTER CHECKUP"
05-06-17,05-06-17,suryXXXXXXXXXX,KA53EDXXXX,"BAJAJ PULSAR 150",36213,"BRAKE ADJUSTMENT"
05-06-17,05-06-17,suryXXXXXXXXXX,KA53EDXXXX,"BAJAJ PULSAR 150",36213,"DISC OIL"
05-06-17,05-06-17,suryXXXXXXXXXX,KA53EDXXXX,"BAJAJ PULSAR 150",36213,"CHAIN LUBRICATION"
05-06-17,05-06-17,suryXXXXXXXXXX,KA53EDXXXX,"BAJAJ PULSAR 150",36213,"CLUTCH LEVER"
05-06-17,05-06-17,suryXXXXXXXXXX,KA53EDXXXX,"BAJAJ PULSAR 150",36213,SERVICE
05-06-17,05-06-17,suryXXXXXXXXXX,KA53EDXXXX,"BAJAJ PULSAR 150",36213,"DRUM BOLT"
05-06-17,05-06-17,suryXXXXXXXXXX,KA53EDXXXX,"BAJAJ PULSAR 150",36213,"ENGINE OIL"
05-06-17,05-06-17,suryXXXXXXXXXX,KA53EDXXXX,"BAJAJ PULSAR 150",36213,"FOOT REST"
06-06-17,05-06-17,asjoXXXXXXXXXX,KA03JLXXXX,"BAJAJ PULSAR NS 200",548,"ENGINE OIL"
06-06-17,05-06-17,asjoXXXXXXXXXX,KA03JLXXXX,"BAJAJ PULSAR NS 200",548,"3M OIL"
06-06-17,05-06-17,asjoXXXXXXXXXX,KA03JLXXXX,"BAJAJ PULSAR NS 200",548,POLISH
06-06-17,05-06-17,asjoXXXXXXXXXX,KA03JLXXXX,"BAJAJ PULSAR NS 200",548,"CHAIN LUBRICATION"
06-06-17,05-06-17,asjoXXXXXXXXXX,KA03JLXXXX,"BAJAJ PULSAR NS 200",548,"OIL FILTER"
06-06-17,05-06-17,asjoXXXXXXXXXX,KA03JLXXXX,"BAJAJ PULSAR NS 200",548,"COOLANT OIL"
06-06-17,05-06-17,asjoXXXXXXXXXX,KA03JLXXXX,"BAJAJ PULSAR NS 200",548,"CLUTCH LEVER"
06-06-17,05-06-17,asjoXXXXXXXXXX,KA03JLXXXX,"BAJAJ PULSAR NS 200",548,CONSUMABLES
05-06-17,05-06-17,bramXXXXXXXXXX,KA01HRXXXX,"BAJAJ PULSAR 150",5412,"AIR FILTER CHECKUP"
05-06-17,05-06-17,bramXXXXXXXXXX,KA01HRXXXX,"BAJAJ PULSAR 150",5412,"ENGINE OIL"
05-06-17,05-06-17,bramXXXXXXXXXX,KA01HRXXXX,"BAJAJ PULSAR 150",5412,CONSUMABLES
05-06-17,05-06-17,bramXXXXXXXXXX,KA01HRXXXX,"BAJAJ PULSAR 150",5412,"CHAIN LUBRICATION"
05-06-17,05-06-17,shekXXXXXXXXXX,KA53EDXXXX,"BAJAJ PULSAR NS 200",19649,"DISC PAD"
05-06-17,05-06-17,shekXXXXXXXXXX,KA53EDXXXX,"BAJAJ PULSAR NS 200",19649,"DISC OIL"
05-06-17,05-06-17,shekXXXXXXXXXX,KA53EDXXXX,"BAJAJ PULSAR NS 200",19649,"GENERAL SERVICE"
05-06-17,05-06-17,shekXXXXXXXXXX,KA53EDXXXX,"BAJAJ PULSAR NS 200",19649,"OIL FILTER"
05-06-17,05-06-17,shekXXXXXXXXXX,KA53EDXXXX,"BAJAJ PULSAR NS 200",19649,"CHAIN LUBRICATION"
05-06-17,05-06-17,shekXXXXXXXXXX,KA53EDXXXX,"BAJAJ PULSAR NS 200",19649,"ENGINE OIL"
05-06-17,05-06-17,prasXXXXXXXXXX,KA53ENXXXX,"BAJAJ AVENGER STREET 220",6472,"DISC OIL"
05-06-17,05-06-17,prasXXXXXXXXXX,KA53ENXXXX,"BAJAJ AVENGER STREET 220",6472,"BRAKE SHOE"
05-06-17,05-06-17,prasXXXXXXXXXX,KA53ENXXXX,"BAJAJ AVENGER STREET 220",6472,POLISH
05-06-17,05-06-17,prasXXXXXXXXXX,KA53ENXXXX,"BAJAJ AVENGER STREET 220",6472,"3M OIL"
05-06-17,05-06-17,prasXXXXXXXXXX,KA53ENXXXX,"BAJAJ AVENGER STREET 220",6472,CONSUMABLES
05-06-17,05-06-17,prasXXXXXXXXXX,KA53ENXXXX,"BAJAJ AVENGER STREET 220",6472,"CHAIN LUBRICATION"
05-06-17,05-06-17,prasXXXXXXXXXX,KA53ENXXXX,"BAJAJ AVENGER STREET 220",6472,"ENGINE OIL"
05-06-17,05-06-17,madhXXXXXXXXXX,KA53ESXXXX,"BAJAJ PULSAR 150",26635,"WHEEL RUBBER"
05-06-17,05-06-17,madhXXXXXXXXXX,KA53ESXXXX,"BAJAJ PULSAR 150",26635,"DISC OIL"
05-06-17,05-06-17,madhXXXXXXXXXX,KA53ESXXXX,"BAJAJ PULSAR 150",26635,"BRAKE SHOE"
05-06-17,05-06-17,madhXXXXXXXXXX,KA53ESXXXX,"BAJAJ PULSAR 150",26635,"CHAIN LUBRICATION"
05-06-17,05-06-17,madhXXXXXXXXXX,KA53ESXXXX,"BAJAJ PULSAR 150",26635,"AIR FILTER CHECKUP"
05-06-17,05-06-17,madhXXXXXXXXXX,KA53ESXXXX,"BAJAJ PULSAR 150",26635,"ENGINE OIL"
05-06-17,05-06-17,madhXXXXXXXXXX,KA53ESXXXX,"BAJAJ PULSAR 150",26635,"GENERAL SERVICE"
06-06-17,06-06-17,BROJXXXXXXXXXX,KA023JXXXX,"BAJAJ DISCOVER 125",14018,"3M OIL"
06-06-17,06-06-17,BROJXXXXXXXXXX,KA023JXXXX,"BAJAJ DISCOVER 125",14018,"DISC OIL"
06-06-17,06-06-17,BROJXXXXXXXXXX,KA023JXXXX,"BAJAJ DISCOVER 125",14018,"CHAIN LUBRICATION"
06-06-17,06-06-17,BROJXXXXXXXXXX,KA023JXXXX,"BAJAJ DISCOVER 125",14018,"ENGINE OIL"
06-06-17,06-06-17,BROJXXXXXXXXXX,KA023JXXXX,"BAJAJ DISCOVER 125",14018,"GENERAL SERVICE"
06-06-17,06-06-17,BROJXXXXXXXXXX,KA023JXXXX,"BAJAJ DISCOVER 125",14018,CONSUMABLES
06-06-17,06-06-17,BROJXXXXXXXXXX,KA023JXXXX,"BAJAJ DISCOVER 125",14018,INDICATOR
06-06-17,06-06-17,BROJXXXXXXXXXX,KA023JXXXX,"BAJAJ DISCOVER 125",14018,"BRAKE SHOE"
06-06-17,06-06-17,BROJXXXXXXXXXX,KA023JXXXX,"BAJAJ DISCOVER 125",14018,"WHEEL RUBBER"
06-06-17,06-06-17,KARAXXXXXXXXXX,KA53EMXXXX,"BAJAJ AVENGER STREET 220",9445,"DISC OIL"
06-06-17,06-06-17,KARAXXXXXXXXXX,KA53EMXXXX,"BAJAJ AVENGER STREET 220",9445,"CHAIN LUBRICATION"
06-06-17,06-06-17,KARAXXXXXXXXXX,KA53EMXXXX,"BAJAJ AVENGER STREET 220",9445,"AIR FILTER CHECKUP"
06-06-17,06-06-17,KARAXXXXXXXXXX,KA53EMXXXX,"BAJAJ AVENGER STREET 220",9445,"ENGINE OIL"
06-06-17,06-06-17,KARAXXXXXXXXXX,KA53EMXXXX,"BAJAJ AVENGER STREET 220",9445,"GENERAL SERVICE"
06-06-17,06-06-17,KARAXXXXXXXXXX,KA53EMXXXX,"BAJAJ AVENGER STREET 220",9445,"BRAKE ADJUSTMENT"
06-06-17,06-06-17,KARAXXXXXXXXXX,KA53EMXXXX,"BAJAJ AVENGER STREET 220",9445,"DISC PAD"
06-06-17,06-06-17,KARAXXXXXXXXXX,KA53EMXXXX,"BAJAJ AVENGER STREET 220",9445,CONSUMABLES
06-06-17,06-06-17,UJJWXXXXXXXXXX,KA03HVXXXX,"BAJAJ PULSAR NS 200",26305,"DISC PAD"
06-06-17,06-06-17,UJJWXXXXXXXXXX,KA03HVXXXX,"BAJAJ PULSAR NS 200",26305,"OIL FILTER"
06-06-17,06-06-17,UJJWXXXXXXXXXX,KA03HVXXXX,"BAJAJ PULSAR NS 200",26305,"ENGINE OIL"
06-06-17,06-06-17,UJJWXXXXXXXXXX,KA03HVXXXX,"BAJAJ PULSAR NS 200",26305,"DISC OIL"
06-06-17,06-06-17,UJJWXXXXXXXXXX,KA03HVXXXX,"BAJAJ PULSAR NS 200",26305,"GENERAL SERVICE"
06-06-17,06-06-17,UJJWXXXXXXXXXX,KA03HVXXXX,"BAJAJ PULSAR NS 200",26305,"CHAIN LUBRICATION"
06-06-17,06-06-17,UJJWXXXXXXXXXX,KA03HVXXXX,"BAJAJ PULSAR NS 200",26305,"AIR FILTER CHECKUP"
06-06-17,06-06-17,AJOSXXXXXXXXXX,KA51ECXXXX,"BAJAJ PULSAR 150",20897,"DISC OIL"
06-06-17,06-06-17,AJOSXXXXXXXXXX,KA51ECXXXX,"BAJAJ PULSAR 150",20897,"CHAIN LUBRICATION"
06-06-17,06-06-17,AJOSXXXXXXXXXX,KA51ECXXXX,"BAJAJ PULSAR 150",20897,"AIR FILTER CHECKUP"
06-06-17,06-06-17,AJOSXXXXXXXXXX,KA51ECXXXX,"BAJAJ PULSAR 150",20897,"ENGINE OIL"
06-06-17,06-06-17,AJOSXXXXXXXXXX,KA51ECXXXX,"BAJAJ PULSAR 150",20897,"LOCK SET"
06-06-17,06-06-17,AJOSXXXXXXXXXX,KA51ECXXXX,"BAJAJ PULSAR 150",20897,"GENERAL SERVICE"
06-06-17,06-06-17,AJOSXXXXXXXXXX,KA51ECXXXX,"BAJAJ PULSAR 150",20897,"BRAKE SHOE"
06-06-17,06-06-17,PREMXXXXXXXXXX,KA03JJXXXX,"BAJAJ PULSAR 150",5322,"CHAIN LUBRICATION"
06-06-17,06-06-17,PREMXXXXXXXXXX,KA03JJXXXX,"BAJAJ PULSAR 150",5322,"3M OIL"
06-06-17,06-06-17,PREMXXXXXXXXXX,KA03JJXXXX,"BAJAJ PULSAR 150",5322,"AIR FILTER CHECKUP"
06-06-17,06-06-17,PREMXXXXXXXXXX,KA03JJXXXX,"BAJAJ PULSAR 150",5322,"ENGINE OIL"
06-06-17,06-06-17,SANDXXXXXXXXXX,KA53EQXXXX,"BAJAJ AVENGER STREET 220",4703,CONSUMABLES
06-06-17,06-06-17,SANDXXXXXXXXXX,KA53EQXXXX,"BAJAJ AVENGER STREET 220",4703,POLISH
06-06-17,06-06-17,SANDXXXXXXXXXX,KA53EQXXXX,"BAJAJ AVENGER STREET 220",4703,"BRAKE SHOE"
06-06-17,06-06-17,SANDXXXXXXXXXX,KA53EQXXXX,"BAJAJ AVENGER STREET 220",4703,"RIGHT SHIELD CAP"
06-06-17,06-06-17,SANDXXXXXXXXXX,KA53EQXXXX,"BAJAJ AVENGER STREET 220",4703,"ENGINE OIL"
06-06-17,06-06-17,SANDXXXXXXXXXX,KA53EQXXXX,"BAJAJ AVENGER STREET 220",4703,"3M OIL"
06-06-17,06-06-17,SANDXXXXXXXXXX,KA53EQXXXX,"BAJAJ AVENGER STREET 220",4703,"CHAIN LUBRICATION"
06-06-17,06-06-17,LATHXXXXXXXXXX,KA09HFXXXX,"BAJAJ DISCOVER 125",14202,"GENERAL SERVICE"
06-06-17,06-06-17,LATHXXXXXXXXXX,KA09HFXXXX,"BAJAJ DISCOVER 125",14202,"DISC OIL"
06-06-17,06-06-17,LATHXXXXXXXXXX,KA09HFXXXX,"BAJAJ DISCOVER 125",14202,"ENGINE OIL"
06-06-17,06-06-17,LATHXXXXXXXXXX,KA09HFXXXX,"BAJAJ DISCOVER 125",14202,"CHAIN LUBRICATION"
06-06-17,06-06-17,LATHXXXXXXXXXX,KA09HFXXXX,"BAJAJ DISCOVER 125",14202,"AIR FILTER CHECKUP"
07-06-17,06-06-17,MURAXXXXXXXXXX,KA53EQXXXX,"BAJAJ DISCOVER 125",6853,"ENGINE OIL"
07-06-17,06-06-17,MURAXXXXXXXXXX,KA53EQXXXX,"BAJAJ DISCOVER 125",6853,POLISH
07-06-17,06-06-17,MURAXXXXXXXXXX,KA53EQXXXX,"BAJAJ DISCOVER 125",6853,"WHEEL RUBBER"
07-06-17,06-06-17,MURAXXXXXXXXXX,KA53EQXXXX,"BAJAJ DISCOVER 125",6853,"DISC OIL"
07-06-17,06-06-17,MURAXXXXXXXXXX,KA53EQXXXX,"BAJAJ DISCOVER 125",6853,"AIR FILTER CHECKUP"
07-06-17,06-06-17,MURAXXXXXXXXXX,KA53EQXXXX,"BAJAJ DISCOVER 125",6853,"3M OIL"
07-06-17,06-06-17,MURAXXXXXXXXXX,KA53EQXXXX,"BAJAJ DISCOVER 125",6853,"CHAIN LUBRICATION"
07-06-17,06-06-17,MURAXXXXXXXXXX,KA53EQXXXX,"BAJAJ DISCOVER 125",6853,CONSUMABLES
07-06-17,06-06-17,SUNIXXXXXXXXXX,KA53ERXXXX,"BAJAJ PLATINA",5903,"ENGINE OIL"
07-06-17,06-06-17,SUNIXXXXXXXXXX,KA53ERXXXX,"BAJAJ PLATINA",5903,"3M OIL"
07-06-17,06-06-17,SUNIXXXXXXXXXX,KA53ERXXXX,"BAJAJ PLATINA",5903,"CHAIN LUBRICATION"
07-06-17,06-06-17,SUNIXXXXXXXXXX,KA53ERXXXX,"BAJAJ PLATINA",5903,"AIR FILTER CHECKUP"
07-06-17,06-06-17,SUNIXXXXXXXXXX,KA53ERXXXX,"BAJAJ PLATINA",5903,POLISH
07-06-17,07-06-17,prasXXXXXXXXXX,KA53EQXXXX,"BAJAJ V150",5177,"ENGINE OIL"
07-06-17,07-06-17,prasXXXXXXXXXX,KA53EQXXXX,"BAJAJ V150",5177,"CHAIN LUBRICATION"
07-06-17,07-06-17,prasXXXXXXXXXX,KA53EQXXXX,"BAJAJ V150",5177,"3M OIL"
07-06-17,07-06-17,prasXXXXXXXXXX,KA53EQXXXX,"BAJAJ V150",5177,CONSUMABLES
07-06-17,07-06-17,prasXXXXXXXXXX,KA53EQXXXX,"BAJAJ V150",5177,POLISH
07-06-17,07-06-17,jijeXXXXXXXXXX,KA53ERXXXX,"BAJAJ AVENGER STREET 220",584,POLISH
07-06-17,07-06-17,jijeXXXXXXXXXX,KA53ERXXXX,"BAJAJ AVENGER STREET 220",584,"ENGINE OIL"
07-06-17,07-06-17,jijeXXXXXXXXXX,KA53ERXXXX,"BAJAJ AVENGER STREET 220",584,CONSUMABLES
07-06-17,07-06-17,jijeXXXXXXXXXX,KA53ERXXXX,"BAJAJ AVENGER STREET 220",584,"3M OIL"
07-06-17,07-06-17,jijeXXXXXXXXXX,KA53ERXXXX,"BAJAJ AVENGER STREET 220",584,"CHAIN LUBRICATION"
07-06-17,07-06-17,santXXXXXXXXXX,KA27V8XXXX,"BAJAJ PULSAR 150",56230,SWITCH
07-06-17,07-06-17,santXXXXXXXXXX,KA27V8XXXX,"BAJAJ PULSAR 150",56230,"SHOCK ABSORBER"
07-06-17,07-06-17,santXXXXXXXXXX,KA27V8XXXX,"BAJAJ PULSAR 150",56230,"WHEEL RUBBER"
07-06-17,07-06-17,santXXXXXXXXXX,KA27V8XXXX,"BAJAJ PULSAR 150",56230,"STEP HOLDER"
07-06-17,07-06-17,santXXXXXXXXXX,KA27V8XXXX,"BAJAJ PULSAR 150",56230,"TANK ASSEMBLY"
07-06-17,07-06-17,santXXXXXXXXXX,KA27V8XXXX,"BAJAJ PULSAR 150",56230,"ACCELATOR CABLE"
07-06-17,07-06-17,santXXXXXXXXXX,KA27V8XXXX,"BAJAJ PULSAR 150",56230,"FOOT REST"
07-06-17,07-06-17,santXXXXXXXXXX,KA27V8XXXX,"BAJAJ PULSAR 150",56230,"AIR FILTER CHECKUP"
07-06-17,07-06-17,santXXXXXXXXXX,KA27V8XXXX,"BAJAJ PULSAR 150",56230,"BRAKE SHOE"
07-06-17,07-06-17,santXXXXXXXXXX,KA27V8XXXX,"BAJAJ PULSAR 150",56230,"GENERAL SERVICE"
07-06-17,07-06-17,santXXXXXXXXXX,KA27V8XXXX,"BAJAJ PULSAR 150",56230,"ENGINE OIL"
07-06-17,07-06-17,santXXXXXXXXXX,KA27V8XXXX,"BAJAJ PULSAR 150",56230,"CHAIN LUBRICATION"
07-06-17,07-06-17,chanXXXXXXXXXX,KA53EPXXXX,"BAJAJ PULSAR 220",8504,"SPARK PLUG"
07-06-17,07-06-17,chanXXXXXXXXXX,KA53EPXXXX,"BAJAJ PULSAR 220",8504,"ENGINE OIL"
07-06-17,07-06-17,chanXXXXXXXXXX,KA53EPXXXX,"BAJAJ PULSAR 220",8504,"JALL SCREW"
07-06-17,07-06-17,chanXXXXXXXXXX,KA53EPXXXX,"BAJAJ PULSAR 220",8504,"GENERAL SERVICE"
07-06-17,07-06-17,chanXXXXXXXXXX,KA53EPXXXX,"BAJAJ PULSAR 220",8504,"TANK COVER"
07-06-17,07-06-17,chanXXXXXXXXXX,KA53EPXXXX,"BAJAJ PULSAR 220",8504,"CHAIN LUBRICATION"
08-06-17,08-06-17,raviXXXXXXXXXX,"ka 53 XXXX","BAJAJ V150",4158,CONSUMABLES
08-06-17,08-06-17,raviXXXXXXXXXX,"ka 53 XXXX","BAJAJ V150",4158,"CHAIN LUBRICATION"
08-06-17,08-06-17,raviXXXXXXXXXX,"ka 53 XXXX","BAJAJ V150",4158,"3M OIL"
08-06-17,08-06-17,raviXXXXXXXXXX,"ka 53 XXXX","BAJAJ V150",4158,POLISH
08-06-17,08-06-17,raviXXXXXXXXXX,"ka 53 XXXX","BAJAJ V150",4158,"ENGINE OIL"
08-06-17,08-06-17,raviXXXXXXXXXX,"ka 53 XXXX","BAJAJ V150",4158,"OIL FILTER"
08-06-17,08-06-17,hariXXXXXXXXXX,KA07S4XXXX,"BAJAJ AVENGER STREET 220",27497,"CLUTCH OVERHUAL"
08-06-17,08-06-17,hariXXXXXXXXXX,KA07S4XXXX,"BAJAJ AVENGER STREET 220",27497,"CLUTCH COVER GASKET"
08-06-17,08-06-17,hariXXXXXXXXXX,KA07S4XXXX,"BAJAJ AVENGER STREET 220",27497,"CHAIN LUBRICATION"
08-06-17,08-06-17,hariXXXXXXXXXX,KA07S4XXXX,"BAJAJ AVENGER STREET 220",27497,"GEAR SHAFT"
08-06-17,08-06-17,hariXXXXXXXXXX,KA07S4XXXX,"BAJAJ AVENGER STREET 220",27497,"ENGINE OIL"
08-06-17,08-06-17,hariXXXXXXXXXX,KA07S4XXXX,"BAJAJ AVENGER STREET 220",27497,"HANDLE LOCK"
08-06-17,08-06-17,hariXXXXXXXXXX,KA07S4XXXX,"BAJAJ AVENGER STREET 220",27497,"AIR FILTER CHECKUP"
08-06-17,08-06-17,hariXXXXXXXXXX,KA07S4XXXX,"BAJAJ AVENGER STREET 220",27497,"GENERAL SERVICE"
09-06-17,09-06-17,SIVRXXXXXXXXXX,TS08FAXXXX,"BAJAJ AVENGER STREET 220",2904,"CHAIN LUBRICATION"
09-06-17,09-06-17,SIVRXXXXXXXXXX,TS08FAXXXX,"BAJAJ AVENGER STREET 220",2904,"DISC OIL"
09-06-17,09-06-17,SIVRXXXXXXXXXX,TS08FAXXXX,"BAJAJ AVENGER STREET 220",2904,"ENGINE OIL"
09-06-17,09-06-17,SIVRXXXXXXXXXX,TS08FAXXXX,"BAJAJ AVENGER STREET 220",2904,POLISH
09-06-17,09-06-17,SIVRXXXXXXXXXX,TS08FAXXXX,"BAJAJ AVENGER STREET 220",2904,CONSUMABLES
09-06-17,09-06-17,SIVRXXXXXXXXXX,TS08FAXXXX,"BAJAJ AVENGER STREET 220",2904,"3M OIL"
09-06-17,09-06-17,KISHXXXXXXXXXX,KA53ENXXXX,"BAJAJ PULSAR 150",7726,"DISC OIL"
09-06-17,09-06-17,KISHXXXXXXXXXX,KA53ENXXXX,"BAJAJ PULSAR 150",7726,"BRAKE SHOE"
09-06-17,09-06-17,KISHXXXXXXXXXX,KA53ENXXXX,"BAJAJ PULSAR 150",7726,"ENGINE OIL"
09-06-17,09-06-17,KISHXXXXXXXXXX,KA53ENXXXX,"BAJAJ PULSAR 150",7726,"CHAIN LUBRICATION"
09-06-17,09-06-17,KISHXXXXXXXXXX,KA53ENXXXX,"BAJAJ PULSAR 150",7726,POLISH
09-06-17,09-06-17,KISHXXXXXXXXXX,KA53ENXXXX,"BAJAJ PULSAR 150",7726,"FOOT REST"
09-06-17,09-06-17,KISHXXXXXXXXXX,KA53ENXXXX,"BAJAJ PULSAR 150",7726,"AIR FILTER"
09-06-17,09-06-17,KISHXXXXXXXXXX,KA53ENXXXX,"BAJAJ PULSAR 150",7726,"3M OIL"
09-06-17,09-06-17,KISHXXXXXXXXXX,KA53ENXXXX,"BAJAJ PULSAR 150",7726,CONSUMABLES
09-06-17,09-06-17,bubaXXXXXXXXXX,KA53X2XXXX,"BAJAJ PULSAR 150",27770,GRIPPER
09-06-17,09-06-17,bubaXXXXXXXXXX,KA53X2XXXX,"BAJAJ PULSAR 150",27770,"PARKING BULB"
09-06-17,09-06-17,bubaXXXXXXXXXX,KA53X2XXXX,"BAJAJ PULSAR 150",27770,"DISC OIL"
09-06-17,09-06-17,bubaXXXXXXXXXX,KA53X2XXXX,"BAJAJ PULSAR 150",27770,"CHAIN LUBRICATION"
09-06-17,09-06-17,bubaXXXXXXXXXX,KA53X2XXXX,"BAJAJ PULSAR 150",27770,"AIR FILTER CHECKUP"
09-06-17,09-06-17,bubaXXXXXXXXXX,KA53X2XXXX,"BAJAJ PULSAR 150",27770,"ENGINE OIL"
09-06-17,09-06-17,bubaXXXXXXXXXX,KA53X2XXXX,"BAJAJ PULSAR 150",27770,"GENERAL SERVICE"
10-06-17,10-06-17,rahuXXXXXXXXXX,KA53EQXXXX,"BAJAJ AVENGER STREET",1880,"3M OIL"
10-06-17,10-06-17,rahuXXXXXXXXXX,KA53EQXXXX,"BAJAJ AVENGER STREET",1880,"ENGINE OIL"
10-06-17,10-06-17,rahuXXXXXXXXXX,KA53EQXXXX,"BAJAJ AVENGER STREET",1880,POLISH
10-06-17,10-06-17,rahuXXXXXXXXXX,KA53EQXXXX,"BAJAJ AVENGER STREET",1880,CONSUMABLES
10-06-17,10-06-17,rahuXXXXXXXXXX,KA53EQXXXX,"BAJAJ AVENGER STREET",1880,"CHAIN LUBRICATION"
10-06-17,10-06-17,munrXXXXXXXXXX,KA53ELXXXX,"BAJAJ PULSAR 220",2120,VISIOR
10-06-17,10-06-17,munrXXXXXXXXXX,KA53ELXXXX,"BAJAJ PULSAR 220",2120,"HEAD LIGHT DOOM"
10-06-17,10-06-17,munrXXXXXXXXXX,KA53ELXXXX,"BAJAJ PULSAR 220",2120,"WIND SHIELD"
10-06-17,10-06-17,munrXXXXXXXXXX,KA53ELXXXX,"BAJAJ PULSAR 220",2120,"SPEEDOMETER CAP"
10-06-17,10-06-17,munrXXXXXXXXXX,KA53ELXXXX,"BAJAJ PULSAR 220",2120,"HEAD LIGHT STAY"
10-06-17,10-06-17,munrXXXXXXXXXX,KA53ELXXXX,"BAJAJ PULSAR 220",2120,LABOUR
10-06-17,10-06-17,munrXXXXXXXXXX,KA53ELXXXX,"BAJAJ PULSAR 220",2120,"CONE SET"
10-06-17,10-06-17,munrXXXXXXXXXX,KA53ELXXXX,"BAJAJ PULSAR 220",2120,INDICATOR
10-06-17,10-06-17,munrXXXXXXXXXX,KA53ELXXXX,"BAJAJ PULSAR 220",2120,"DOOM SCREW KIT"
10-06-17,10-06-17,naviXXXXXXXXXX,KA53ENXXXX,"BAJAJ PULSAR 220",10228,"DISK PAD"
10-06-17,10-06-17,naviXXXXXXXXXX,KA53ENXXXX,"BAJAJ PULSAR 220",10228,"AIR FILTER CHECKUP"
10-06-17,10-06-17,naviXXXXXXXXXX,KA53ENXXXX,"BAJAJ PULSAR 220",10228,"CHAIN LUBRICATION"
10-06-17,10-06-17,naviXXXXXXXXXX,KA53ENXXXX,"BAJAJ PULSAR 220",10228,"DISC OIL"
10-06-17,10-06-17,naviXXXXXXXXXX,KA53ENXXXX,"BAJAJ PULSAR 220",10228,"GENERAL SERVICE"
10-06-17,10-06-17,naviXXXXXXXXXX,KA53ENXXXX,"BAJAJ PULSAR 220",10228,"DISC OVERHUAL"
10-06-17,10-06-17,chanXXXXXXXXXX,KA51X3XXXX,"BAJAJ PULSAR 150",44933,LABOUR
10-06-17,10-06-17,chanXXXXXXXXXX,KA51X3XXXX,"BAJAJ PULSAR 150",44933,"HEAD LIGHT BULB"
10-06-17,10-06-17,chanXXXXXXXXXX,KA51X3XXXX,"BAJAJ PULSAR 150",44933,"CALIPER ASSEMBLY"
10-06-17,10-06-17,chanXXXXXXXXXX,KA51X3XXXX,"BAJAJ PULSAR 150",44933,"CLUTCH ASSEMBLY"
10-06-17,10-06-17,chanXXXXXXXXXX,KA51X3XXXX,"BAJAJ PULSAR 150",44933,"LOADING GEAR"
10-06-17,10-06-17,chanXXXXXXXXXX,KA51X3XXXX,"BAJAJ PULSAR 150",44933,"DISC OIL"
10-06-17,10-06-17,chanXXXXXXXXXX,KA51X3XXXX,"BAJAJ PULSAR 150",44933,"HEAD RUBBER"
10-06-17,10-06-17,chanXXXXXXXXXX,KA51X3XXXX,"BAJAJ PULSAR 150",44933,"PACKING KIT"
10-06-17,10-06-17,chanXXXXXXXXXX,KA51X3XXXX,"BAJAJ PULSAR 150",44933,"VALVE KIT"
10-06-17,10-06-17,chanXXXXXXXXXX,KA51X3XXXX,"BAJAJ PULSAR 150",44933,"CRANK SHAFT"
10-06-17,10-06-17,chanXXXXXXXXXX,KA51X3XXXX,"BAJAJ PULSAR 150",44933,"BORE KIT"
10-06-17,10-06-17,chanXXXXXXXXXX,KA51X3XXXX,"BAJAJ PULSAR 150",44933,"LOCK ARM"
10-06-17,10-06-17,chanXXXXXXXXXX,KA51X3XXXX,"BAJAJ PULSAR 150",44933,"ENGINE BEARING"
10-06-17,10-06-17,chanXXXXXXXXXX,KA51X3XXXX,"BAJAJ PULSAR 150",44933,"VALVE GRAINDING"
10-06-17,10-06-17,chanXXXXXXXXXX,KA51X3XXXX,"BAJAJ PULSAR 150",44933,"VALVE GUIDE"
10-06-17,10-06-17,chanXXXXXXXXXX,KA51X3XXXX,"BAJAJ PULSAR 150",44933,"ENGINE OIL"
10-06-17,10-06-17,chanXXXXXXXXXX,KA51X3XXXX,"BAJAJ PULSAR 150",44933,"TIMMING CHAIN"
10-06-17,10-06-17,chanXXXXXXXXXX,KA51X3XXXX,"BAJAJ PULSAR 150",44933,TENSIONER
10-06-17,10-06-17,chanXXXXXXXXXX,KA51X3XXXX,"BAJAJ PULSAR 150",44933,"AIR FILTER"
10-06-17,10-06-17,chanXXXXXXXXXX,KA51X3XXXX,"BAJAJ PULSAR 150",44933,"TIMMING CHAIN PAD"
10-06-17,10-06-17,chanXXXXXXXXXX,KA51X3XXXX,"BAJAJ PULSAR 150",44933,"SPARK PLUG"
10-06-17,10-06-17,chanXXXXXXXXXX,KA51X3XXXX,"BAJAJ PULSAR 150",44933,"HEAD REST"
10-06-17,10-06-17,chanXXXXXXXXXX,KA51X3XXXX,"BAJAJ PULSAR 150",44933,"CHAIN OVERHAUL"
10-06-17,10-06-17,chanXXXXXXXXXX,KA51X3XXXX,"BAJAJ PULSAR 150",44933,"CHAIN SPROCKET"
10-06-17,10-06-17,chanXXXXXXXXXX,KA51X3XXXX,"BAJAJ PULSAR 150",44933,"CLUTCH BELL REST"
10-06-17,10-06-17,chanXXXXXXXXXX,KA51X3XXXX,"BAJAJ PULSAR 150",44933,"CRANK RESET"
14-06-17,10-06-17,vishXXXXXXXXXX,KA05HCXXXX,"BAJAJ PLATINA",91206,CONSUMABLES
14-06-17,10-06-17,vishXXXXXXXXXX,KA05HCXXXX,"BAJAJ PLATINA",91206,"CHAIN LUBRICATION"
14-06-17,10-06-17,vishXXXXXXXXXX,KA05HCXXXX,"BAJAJ PLATINA",91206,"GENERAL SERVICE"
14-06-17,10-06-17,vishXXXXXXXXXX,KA05HCXXXX,"BAJAJ PLATINA",91206,"FORK CONE SET"
14-06-17,10-06-17,vishXXXXXXXXXX,KA05HCXXXX,"BAJAJ PLATINA",91206,"AIR FILTER CHECKUP"
14-06-17,10-06-17,vishXXXXXXXXXX,KA05HCXXXX,"BAJAJ PLATINA",91206,"FORK OIL"
14-06-17,10-06-17,vishXXXXXXXXXX,KA05HCXXXX,"BAJAJ PLATINA",91206,"FORK OVERHUAL"
14-06-17,10-06-17,vishXXXXXXXXXX,KA05HCXXXX,"BAJAJ PLATINA",91206,"FORK OIL SEAL"
14-06-17,10-06-17,vishXXXXXXXXXX,KA05HCXXXX,"BAJAJ PLATINA",91206,"LOCK SET"
14-06-17,10-06-17,vishXXXXXXXXXX,KA05HCXXXX,"BAJAJ PLATINA",91206,"BRAKE SHOE"
14-06-17,10-06-17,vishXXXXXXXXXX,KA05HCXXXX,"BAJAJ PLATINA",91206,"SEAT COVER"
14-06-17,10-06-17,vishXXXXXXXXXX,KA05HCXXXX,"BAJAJ PLATINA",91206,INDICATOR
10-06-17,10-06-17,sureXXXXXXXXXX,KA53ELXXXX,"BAJAJ PLATINA",11836,"ENGINE OIL"
10-06-17,10-06-17,sureXXXXXXXXXX,KA53ELXXXX,"BAJAJ PLATINA",11836,"OIL FILTER"
10-06-17,10-06-17,sureXXXXXXXXXX,KA53ELXXXX,"BAJAJ PLATINA",11836,CONSUMABLES
10-06-17,10-06-17,sureXXXXXXXXXX,KA53ELXXXX,"BAJAJ PLATINA",11836,"CHAIN LUBRICATION"
10-06-17,10-06-17,sureXXXXXXXXXX,KA53ELXXXX,"BAJAJ PLATINA",11836,"TAIL LAMP BULB"
10-06-17,10-06-17,sureXXXXXXXXXX,KA53ELXXXX,"BAJAJ PLATINA",11836,"GENERAL SERVICE"
10-06-17,10-06-17,pravXXXXXXXXXX,KA04JDXXXX,"BAJAJ AVENGER STREET",23409,"CHAIN LUBRICATION"
10-06-17,10-06-17,pravXXXXXXXXXX,KA04JDXXXX,"BAJAJ AVENGER STREET",23409,"DISC OIL"
10-06-17,10-06-17,pravXXXXXXXXXX,KA04JDXXXX,"BAJAJ AVENGER STREET",23409,CONSUMABLES
10-06-17,10-06-17,pravXXXXXXXXXX,KA04JDXXXX,"BAJAJ AVENGER STREET",23409,"ENGINE OIL"
10-06-17,10-06-17,pravXXXXXXXXXX,KA04JDXXXX,"BAJAJ AVENGER STREET",23409,"GENERAL SERVICE"
10-06-17,10-06-17,pravXXXXXXXXXX,KA04JDXXXX,"BAJAJ AVENGER STREET",23409,"AIR FILTER CHECKUP"
10-06-17,10-06-17,jayaXXXXXXXXXX,KA53W3XXXX,"BAJAJ PULSAR 150",51323,"DISC OIL"
10-06-17,10-06-17,jayaXXXXXXXXXX,KA53W3XXXX,"BAJAJ PULSAR 150",51323,"GENERAL SERVICE"
10-06-17,10-06-17,jayaXXXXXXXXXX,KA53W3XXXX,"BAJAJ PULSAR 150",51323,CONSUMABLES
10-06-17,10-06-17,jayaXXXXXXXXXX,KA53W3XXXX,"BAJAJ PULSAR 150",51323,"ENGINE OIL"
10-06-17,10-06-17,jayaXXXXXXXXXX,KA53W3XXXX,"BAJAJ PULSAR 150",51323,"AIR FILTER CHECKUP"
10-06-17,10-06-17,jayaXXXXXXXXXX,KA53W3XXXX,"BAJAJ PULSAR 150",51323,"CHAIN LUBRICATION"
10-06-17,10-06-17,atulXXXXXXXXXX,KA53EQXXXX,"BAJAJ AVENGER STREET",4593,"TAIL LAMP BULB"
10-06-17,10-06-17,atulXXXXXXXXXX,KA53EQXXXX,"BAJAJ AVENGER STREET",4593,"3M OIL"
10-06-17,10-06-17,atulXXXXXXXXXX,KA53EQXXXX,"BAJAJ AVENGER STREET",4593,"ENGINE OIL"
10-06-17,10-06-17,atulXXXXXXXXXX,KA53EQXXXX,"BAJAJ AVENGER STREET",4593,"CHAIN LUBRICATION"
13-06-17,10-06-17,suraXXXXXXXXXX,KA03JCXXXX,"BAJAJ PULSAR 150",550147,"BRAKE SHOE"
13-06-17,10-06-17,suraXXXXXXXXXX,KA03JCXXXX,"BAJAJ PULSAR 150",550147,"BATTERY CHARGE"
13-06-17,10-06-17,suraXXXXXXXXXX,KA03JCXXXX,"BAJAJ PULSAR 150",550147,"AIR FILTER CHECKUP"
13-06-17,10-06-17,suraXXXXXXXXXX,KA03JCXXXX,"BAJAJ PULSAR 150",550147,"CHAIN LUBRICATION"
13-06-17,10-06-17,suraXXXXXXXXXX,KA03JCXXXX,"BAJAJ PULSAR 150",550147,"PARKING BULB"
13-06-17,10-06-17,suraXXXXXXXXXX,KA03JCXXXX,"BAJAJ PULSAR 150",550147,"GENERAL SERVICE"
13-06-17,10-06-17,suraXXXXXXXXXX,KA03JCXXXX,"BAJAJ PULSAR 150",550147,"SPEEDOMETER CABLE"
13-06-17,10-06-17,suraXXXXXXXXXX,KA03JCXXXX,"BAJAJ PULSAR 150",550147,"WIRING CHECKUP"
11-06-17,10-06-17,dibyXXXXXXXXXX,KA53EPXXXX,"BAJAJ AVENGER STREET 220",10399,"AIR FILTER CHECKUP"
11-06-17,10-06-17,dibyXXXXXXXXXX,KA53EPXXXX,"BAJAJ AVENGER STREET 220",10399,"GENERAL SERVICE"
11-06-17,10-06-17,dibyXXXXXXXXXX,KA53EPXXXX,"BAJAJ AVENGER STREET 220",10399,"YOKE RUBBER"
11-06-17,10-06-17,dibyXXXXXXXXXX,KA53EPXXXX,"BAJAJ AVENGER STREET 220",10399,"BRAKE SHOE"
11-06-17,10-06-17,dibyXXXXXXXXXX,KA53EPXXXX,"BAJAJ AVENGER STREET 220",10399,"CHAIN LUBRICATION"
10-06-17,10-06-17,madhXXXXXXXXXX,KA51L8XXXX,"BAJAJ PULSAR 150",83740,"CHAIN LUBRICATION"
10-06-17,10-06-17,madhXXXXXXXXXX,KA51L8XXXX,"BAJAJ PULSAR 150",83740,"ENGINE OIL"
10-06-17,10-06-17,madhXXXXXXXXXX,KA51L8XXXX,"BAJAJ PULSAR 150",83740,"GENERAL SERVICE"
10-06-17,10-06-17,madhXXXXXXXXXX,KA51L8XXXX,"BAJAJ PULSAR 150",83740,"DISC OIL"
10-06-17,10-06-17,madhXXXXXXXXXX,KA51L8XXXX,"BAJAJ PULSAR 150",83740,"AIR FILTER CHECKUP"
10-06-17,10-06-17,madhXXXXXXXXXX,KA51L8XXXX,"BAJAJ PULSAR 150",83740,"SEAT COVER"
10-06-17,10-06-17,madhXXXXXXXXXX,KA51L8XXXX,"BAJAJ PULSAR 150",83740,"DISC PAD"
10-06-17,10-06-17,madhXXXXXXXXXX,KA51L8XXXX,"BAJAJ PULSAR 150",83740,"WHEEL RUBBER"
10-06-17,10-06-17,ramXXXXXXXXXX,KA40X6XXXX,"BAJAJ PULSAR 150",18595,"WHEEL RUBBER"
10-06-17,10-06-17,ramXXXXXXXXXX,KA40X6XXXX,"BAJAJ PULSAR 150",18595,"BRAKE SHOE"
10-06-17,10-06-17,ramXXXXXXXXXX,KA40X6XXXX,"BAJAJ PULSAR 150",18595,"TYRE GUARD"
10-06-17,10-06-17,ramXXXXXXXXXX,KA40X6XXXX,"BAJAJ PULSAR 150",18595,"SPEEDOMETER CAP"
10-06-17,10-06-17,ramXXXXXXXXXX,KA40X6XXXX,"BAJAJ PULSAR 150",18595,"HEAD LIGHT DOOM"
10-06-17,10-06-17,ramXXXXXXXXXX,KA40X6XXXX,"BAJAJ PULSAR 150",18595,"CHAIN SPROCKET"
10-06-17,10-06-17,ramXXXXXXXXXX,KA40X6XXXX,"BAJAJ PULSAR 150",18595,"ENGINE OIL"
10-06-17,10-06-17,ramXXXXXXXXXX,KA40X6XXXX,"BAJAJ PULSAR 150",18595,"GENERAL SERVICE"
10-06-17,10-06-17,ramXXXXXXXXXX,KA40X6XXXX,"BAJAJ PULSAR 150",18595,VISIOR
10-06-17,10-06-17,ramXXXXXXXXXX,KA40X6XXXX,"BAJAJ PULSAR 150",18595,"AIR FILTER CHECKUP"
10-06-17,10-06-17,ramXXXXXXXXXX,KA40X6XXXX,"BAJAJ PULSAR 150",18595,"CHAIN SET"
10-06-17,10-06-17,hariXXXXXXXXXX,KA02HGXXXX,"BAJAJ PULSAR 220",0,"PETROL TUBE"
10-06-17,10-06-17,hariXXXXXXXXXX,KA02HGXXXX,"BAJAJ PULSAR 220",0,"DRUM BOLT WASHER"
10-06-17,10-06-17,hariXXXXXXXXXX,KA02HGXXXX,"BAJAJ PULSAR 220",0,"TANK COVER"
10-06-17,10-06-17,hariXXXXXXXXXX,KA02HGXXXX,"BAJAJ PULSAR 220",0,"WHEEL RUBBER"
10-06-17,10-06-17,hariXXXXXXXXXX,KA02HGXXXX,"BAJAJ PULSAR 220",0,"REAR CALIPER ASSEMBLY"
10-06-17,10-06-17,hariXXXXXXXXXX,KA02HGXXXX,"BAJAJ PULSAR 220",0,"DISC PAD"
10-06-17,10-06-17,hariXXXXXXXXXX,KA02HGXXXX,"BAJAJ PULSAR 220",0,"CHAIN SPROCKET"
10-06-17,10-06-17,hariXXXXXXXXXX,KA02HGXXXX,"BAJAJ PULSAR 220",0,"CHAIN OVERHAUL"
10-06-17,10-06-17,hariXXXXXXXXXX,KA02HGXXXX,"BAJAJ PULSAR 220",0,"clutch cable"
10-06-17,10-06-17,hariXXXXXXXXXX,KA02HGXXXX,"BAJAJ PULSAR 220",0,"ENGINE OIL"
10-06-17,10-06-17,hariXXXXXXXXXX,KA02HGXXXX,"BAJAJ PULSAR 220",0,"SPARK PLUG"
10-06-17,10-06-17,hariXXXXXXXXXX,KA02HGXXXX,"BAJAJ PULSAR 220",0,"AIR FILTER CHECKUP"
10-06-17,10-06-17,hariXXXXXXXXXX,KA02HGXXXX,"BAJAJ PULSAR 220",0,"GENERAL SERVICE"
10-06-17,10-06-17,diliXXXXXXXXXX,KA53S3XXXX,"BAJAJ V",562,"ENGINE OIL"
11-06-17,11-06-17,hariXXXXXXXXXX,KA53EPXXXX,"BAJAJ AVENGER STREET",10423,"CHAIN LUBRICATION"
11-06-17,11-06-17,hariXXXXXXXXXX,KA53EPXXXX,"BAJAJ AVENGER STREET",10423,"3M OIL"
11-06-17,11-06-17,hariXXXXXXXXXX,KA53EPXXXX,"BAJAJ AVENGER STREET",10423,"ENGINE OIL"
11-06-17,11-06-17,sumiXXXXXXXXXX,KA53ERXXXX,"BAJAJ PULSAR 180",1970,POLISH
11-06-17,11-06-17,sumiXXXXXXXXXX,KA53ERXXXX,"BAJAJ PULSAR 180",1970,"ENGINE GUARD"
11-06-17,11-06-17,sumiXXXXXXXXXX,KA53ERXXXX,"BAJAJ PULSAR 180",1970,"CHAIN LUBRICATION"
11-06-17,11-06-17,sumiXXXXXXXXXX,KA53ERXXXX,"BAJAJ PULSAR 180",1970,CONSUMABLES
11-06-17,11-06-17,sumiXXXXXXXXXX,KA53ERXXXX,"BAJAJ PULSAR 180",1970,"ENGINE OIL"
11-06-17,11-06-17,sumiXXXXXXXXXX,KA53ERXXXX,"BAJAJ PULSAR 180",1970,"3M OIL"
12-06-17,12-06-17,jmkXXXXXXXXXX,KHXXXX,"BAJAJ BOXER CT",3655,"SPARK PLUG"
12-06-17,12-06-17,jmkXXXXXXXXXX,KHXXXX,"BAJAJ BOXER CT",3655,"AIR FILTER CHECKUP"
12-06-17,12-06-17,jmkXXXXXXXXXX,KHXXXX,"BAJAJ BOXER CT",3655,"GENERAL SERVICE"
12-06-17,12-06-17,jmkXXXXXXXXXX,KHXXXX,"BAJAJ BOXER CT",3655,"MIRROR ADJUSTMENT"
12-06-17,12-06-17,bharXXXXXXXXXX,KA53ERXXXX,"BAJAJ PULSAR 180",3424,"CHAIN LUBRICATION"
12-06-17,12-06-17,bharXXXXXXXXXX,KA53ERXXXX,"BAJAJ PULSAR 180",3424,POLISH
12-06-17,12-06-17,bharXXXXXXXXXX,KA53ERXXXX,"BAJAJ PULSAR 180",3424,"ENGINE OIL"
12-06-17,12-06-17,bharXXXXXXXXXX,KA53ERXXXX,"BAJAJ PULSAR 180",3424,"DISC OIL"
12-06-17,12-06-17,bharXXXXXXXXXX,KA53ERXXXX,"BAJAJ PULSAR 180",3424,CONSUMABLES
12-06-17,12-06-17,bharXXXXXXXXXX,KA53ERXXXX,"BAJAJ PULSAR 180",3424,"3M OIL"
12-06-17,12-06-17,venkXXXXXXXXXX,KA53ESXXXX,"BAJAJ PULSAR 180",2201,CONSUMABLES
12-06-17,12-06-17,venkXXXXXXXXXX,KA53ESXXXX,"BAJAJ PULSAR 180",2201,"3M OIL"
12-06-17,12-06-17,venkXXXXXXXXXX,KA53ESXXXX,"BAJAJ PULSAR 180",2201,POLISH
12-06-17,12-06-17,venkXXXXXXXXXX,KA53ESXXXX,"BAJAJ PULSAR 180",2201,"CHAIN LUBRICATION"
12-06-17,12-06-17,venkXXXXXXXXXX,KA53ESXXXX,"BAJAJ PULSAR 180",2201,"ENGINE OIL"
12-06-17,12-06-17,hendXXXXXXXXXX,KA53ESXXXX,"BAJAJ PULSAR 150",150,"ENGINE OIL"
12-06-17,12-06-17,hendXXXXXXXXXX,KA53ESXXXX,"BAJAJ PULSAR 150",150,CONSUMABLES
12-06-17,12-06-17,hendXXXXXXXXXX,KA53ESXXXX,"BAJAJ PULSAR 150",150,"3M OIL"
12-06-17,12-06-17,hendXXXXXXXXXX,KA53ESXXXX,"BAJAJ PULSAR 150",150,"CHAIN LUBRICATION"
12-06-17,12-06-17,hendXXXXXXXXXX,KA53ESXXXX,"BAJAJ PULSAR 150",150,POLISH
12-06-17,12-06-17,bhasXXXXXXXXXX,KA53EQXXXX,"BAJAJ PULSAR 150",6831,"AIR FILTER CHECKUP"
12-06-17,12-06-17,bhasXXXXXXXXXX,KA53EQXXXX,"BAJAJ PULSAR 150",6831,"3M OIL"
12-06-17,12-06-17,bhasXXXXXXXXXX,KA53EQXXXX,"BAJAJ PULSAR 150",6831,"CHAIN LUBRICATION"
12-06-17,12-06-17,bhasXXXXXXXXXX,KA53EQXXXX,"BAJAJ PULSAR 150",6831,"ENGINE OIL"
12-06-17,12-06-17,sumeXXXXXXXXXX,MH12JDXXXX,"BAJAJ PULSAR NS 200",25615,"clutch cable"
12-06-17,12-06-17,sumeXXXXXXXXXX,MH12JDXXXX,"BAJAJ PULSAR NS 200",25615,"FORK ASSEMBLY"
12-06-17,12-06-17,sumeXXXXXXXXXX,MH12JDXXXX,"BAJAJ PULSAR NS 200",25615,HORN
12-06-17,12-06-17,sumeXXXXXXXXXX,MH12JDXXXX,"BAJAJ PULSAR NS 200",25615,"DISC PAD"
12-06-17,12-06-17,sumeXXXXXXXXXX,MH12JDXXXX,"BAJAJ PULSAR NS 200",25615,"DISK PAD"
12-06-17,12-06-17,sumeXXXXXXXXXX,MH12JDXXXX,"BAJAJ PULSAR NS 200",25615,"ENGINE OIL"
12-06-17,12-06-17,sumeXXXXXXXXXX,MH12JDXXXX,"BAJAJ PULSAR NS 200",25615,"AIR FILTER CHECKUP"
12-06-17,12-06-17,sumeXXXXXXXXXX,MH12JDXXXX,"BAJAJ PULSAR NS 200",25615,"GENERAL SERVICE"
12-06-17,12-06-17,sumeXXXXXXXXXX,MH12JDXXXX,"BAJAJ PULSAR NS 200",25615,"FORK CONE SET"
12-06-17,12-06-17,sumeXXXXXXXXXX,MH12JDXXXX,"BAJAJ PULSAR NS 200",25615,"ACCELATOR CABLE"
12-06-17,12-06-17,sumeXXXXXXXXXX,MH12JDXXXX,"BAJAJ PULSAR NS 200",25615,"CHAIN LUBRICATION"
12-06-17,12-06-17,sumeXXXXXXXXXX,MH12JDXXXX,"BAJAJ PULSAR NS 200",25615,"DISC OIL"
12-06-17,12-06-17,sumeXXXXXXXXXX,MH12JDXXXX,"BAJAJ PULSAR NS 200",25615,GRIPPER
12-06-17,12-06-17,sumeXXXXXXXXXX,MH12JDXXXX,"BAJAJ PULSAR NS 200",25615,"OIL FILTER"
12-06-17,12-06-17,sumeXXXXXXXXXX,MH12JDXXXX,"BAJAJ PULSAR NS 200",25615,"FORK LABOUR"
12-06-17,12-06-17,ankuXXXXXXXXXX,KA53EPXXXX,"BAJAJ PULSAR RS 200",8740,"CHAIN LUBRICATION"
12-06-17,12-06-17,ankuXXXXXXXXXX,KA53EPXXXX,"BAJAJ PULSAR RS 200",8740,"DISC OIL"
12-06-17,12-06-17,ankuXXXXXXXXXX,KA53EPXXXX,"BAJAJ PULSAR RS 200",8740,"3M OIL"
12-06-17,12-06-17,ankuXXXXXXXXXX,KA53EPXXXX,"BAJAJ PULSAR RS 200",8740,"ENGINE OIL"
12-06-17,12-06-17,ankuXXXXXXXXXX,KA53EPXXXX,"BAJAJ PULSAR RS 200",8740,CONSUMABLES
12-06-17,12-06-17,ankuXXXXXXXXXX,KA53EPXXXX,"BAJAJ PULSAR RS 200",8740,"COOLANT OIL"
16-06-17,13-06-17,diliXXXXXXXXXX,KA53S3XXXX,"BAJAJ V",2615,
13-06-17,13-06-17,munrXXXXXXXXXX,MUNRAJXXXX,"BAJAJ PULSAR 150",43079,"BRAKE SHOE"
13-06-17,13-06-17,munrXXXXXXXXXX,MUNRAJXXXX,"BAJAJ PULSAR 150",43079,"AIR FILTER CHECKUP"
13-06-17,13-06-17,munrXXXXXXXXXX,MUNRAJXXXX,"BAJAJ PULSAR 150",43079,"TANK COVER"
13-06-17,13-06-17,munrXXXXXXXXXX,MUNRAJXXXX,"BAJAJ PULSAR 150",43079,"DISC OIL"
13-06-17,13-06-17,munrXXXXXXXXXX,MUNRAJXXXX,"BAJAJ PULSAR 150",43079,"DISC PAD"
13-06-17,13-06-17,munrXXXXXXXXXX,MUNRAJXXXX,"BAJAJ PULSAR 150",43079,"CHAIN LUBRICATION"
13-06-17,13-06-17,munrXXXXXXXXXX,MUNRAJXXXX,"BAJAJ PULSAR 150",43079,"GENERAL SERVICE"
13-06-17,13-06-17,munrXXXXXXXXXX,MUNRAJXXXX,"BAJAJ PULSAR 150",43079,"ENGINE OIL"
13-06-17,13-06-17,munrXXXXXXXXXX,MUNRAJXXXX,"BAJAJ PULSAR 150",43079,"WHEEL RUBBER"
13-06-17,13-06-17,munrXXXXXXXXXX,MUNRAJXXXX,"BAJAJ PULSAR 150",43079,"CLUTCH SWITCH"
13-06-17,13-06-17,satyXXXXXXXXXX,KA53ESXXXX,"BAJAJ CT 100",542,"3M OIL"
13-06-17,13-06-17,satyXXXXXXXXXX,KA53ESXXXX,"BAJAJ CT 100",542,"ENGINE OIL"
13-06-17,13-06-17,satyXXXXXXXXXX,KA53ESXXXX,"BAJAJ CT 100",542,"CHAIN LUBRICATION"
13-06-17,13-06-17,satyXXXXXXXXXX,KA53ESXXXX,"BAJAJ CT 100",542,POLISH
13-06-17,13-06-17,satyXXXXXXXXXX,KA53ESXXXX,"BAJAJ CT 100",542,CONSUMABLES
13-06-17,13-06-17,sadhXXXXXXXXXX,KA53S5XXXX,"BAJAJ PULSAR 180",36602,"WHEEL RUBBER"
13-06-17,13-06-17,sadhXXXXXXXXXX,KA53S5XXXX,"BAJAJ PULSAR 180",36602,"Clutch cable"
13-06-17,13-06-17,sadhXXXXXXXXXX,KA53S5XXXX,"BAJAJ PULSAR 180",36602,"AIR FILTER CHECKUP"
13-06-17,13-06-17,sadhXXXXXXXXXX,KA53S5XXXX,"BAJAJ PULSAR 180",36602,"GENERAL SERVICE"
13-06-17,13-06-17,sadhXXXXXXXXXX,KA53S5XXXX,"BAJAJ PULSAR 180",36602,"CHAIN LUBRICATION"
13-06-17,13-06-17,sadhXXXXXXXXXX,KA53S5XXXX,"BAJAJ PULSAR 180",36602,"DISC PAD"
14-06-17,13-06-17,raghXXXXXXXXXX,KA53ESXXXX,"BAJAJ PULSAR 150",587,"ENGINE OIL"
14-06-17,13-06-17,raghXXXXXXXXXX,KA53ESXXXX,"BAJAJ PULSAR 150",587,"3M OIL"
14-06-17,13-06-17,raghXXXXXXXXXX,KA53ESXXXX,"BAJAJ PULSAR 150",587,CONSUMABLES
14-06-17,13-06-17,raghXXXXXXXXXX,KA53ESXXXX,"BAJAJ PULSAR 150",587,"CHAIN LUBRICATION"
14-06-17,13-06-17,raghXXXXXXXXXX,KA53ESXXXX,"BAJAJ PULSAR 150",587,POLISH
13-06-17,13-06-17,prakXXXXXXXXXX,KA53EQXXXX,"BAJAJ CT 100",9079,"BRAKE SHOE"
13-06-17,13-06-17,prakXXXXXXXXXX,KA53EQXXXX,"BAJAJ CT 100",9079,"ENGINE OIL"
13-06-17,13-06-17,prakXXXXXXXXXX,KA53EQXXXX,"BAJAJ CT 100",9079,"3M OIL"
13-06-17,13-06-17,prakXXXXXXXXXX,KA53EQXXXX,"BAJAJ CT 100",9079,CONSUMABLES
13-06-17,13-06-17,prakXXXXXXXXXX,KA53EQXXXX,"BAJAJ CT 100",9079,"CHAIN LUBRICATION"
13-06-17,13-06-17,subhXXXXXXXXXX,KA53J9XXXX,"BAJAJ AVENGER STREET 220",14484,SILENCER
13-06-17,13-06-17,subhXXXXXXXXXX,KA53J9XXXX,"BAJAJ AVENGER STREET 220",14484,"WHEEL BEARING"
13-06-17,13-06-17,subhXXXXXXXXXX,KA53J9XXXX,"BAJAJ AVENGER STREET 220",14484,SILENCER
13-06-17,13-06-17,subhXXXXXXXXXX,KA53J9XXXX,"BAJAJ AVENGER STREET 220",14484,"BRAKE SHOE"
13-06-17,13-06-17,subhXXXXXXXXXX,KA53J9XXXX,"BAJAJ AVENGER STREET 220",14484,"GENERAL SERVICE"
13-06-17,13-06-17,subhXXXXXXXXXX,KA53J9XXXX,"BAJAJ AVENGER STREET 220",14484,"ENGINE OIL"
13-06-17,13-06-17,subhXXXXXXXXXX,KA53J9XXXX,"BAJAJ AVENGER STREET 220",14484,"CHAIN LUBRICATION"
13-06-17,13-06-17,VASAXXXXXXXXXX,KA03JGXXXX,"BAJAJ V150",3231,CONSUMABLES
13-06-17,13-06-17,VASAXXXXXXXXXX,KA03JGXXXX,"BAJAJ V150",3231,POLISH
13-06-17,13-06-17,VASAXXXXXXXXXX,KA03JGXXXX,"BAJAJ V150",3231,"ENGINE OIL"
13-06-17,13-06-17,VASAXXXXXXXXXX,KA03JGXXXX,"BAJAJ V150",3231,"CHAIN LUBRICATION"
13-06-17,13-06-17,VASAXXXXXXXXXX,KA03JGXXXX,"BAJAJ V150",3231,"3M OIL"
14-06-17,14-06-17,vishXXXXXXXXXX,KA05HCXXXX,"BAJAJ PLATINA",91206,"CHAIN LUBRICATION"
14-06-17,14-06-17,vishXXXXXXXXXX,KA05HCXXXX,"BAJAJ PLATINA",91206,"LOCK SET"
14-06-17,14-06-17,vishXXXXXXXXXX,KA05HCXXXX,"BAJAJ PLATINA",91206,"ENGINE OIL"
14-06-17,14-06-17,vishXXXXXXXXXX,KA05HCXXXX,"BAJAJ PLATINA",91206,"SEAT COVER"
14-06-17,14-06-17,vishXXXXXXXXXX,KA05HCXXXX,"BAJAJ PLATINA",91206,"WHEEL RUBBER"
14-06-17,14-06-17,vishXXXXXXXXXX,KA05HCXXXX,"BAJAJ PLATINA",91206,"WHEEL BEARING"
14-06-17,14-06-17,vishXXXXXXXXXX,KA05HCXXXX,"BAJAJ PLATINA",91206,"SWITCH "
14-06-17,14-06-17,vishXXXXXXXXXX,KA05HCXXXX,"BAJAJ PLATINA",91206,"CHOKE CABLE"
14-06-17,14-06-17,vishXXXXXXXXXX,KA05HCXXXX,"BAJAJ PLATINA",91206,INDICATOR
14-06-17,14-06-17,vishXXXXXXXXXX,KA05HCXXXX,"BAJAJ PLATINA",91206,"GENERAL SERVICE"
14-06-17,14-06-17,vishXXXXXXXXXX,KA05HCXXXX,"BAJAJ PLATINA",91206,"KICKER STOPPER"
14-06-17,14-06-17,vishXXXXXXXXXX,KA05HCXXXX,"BAJAJ PLATINA",91206,"FORK OIL AND OIL SEAL"
14-06-17,14-06-17,kishXXXXXXXXXX,KA03JLXXXX,"BAJAJ AVENGER STREET 220",18714,CONSUMABLES
14-06-17,14-06-17,kishXXXXXXXXXX,KA03JLXXXX,"BAJAJ AVENGER STREET 220",18714,"ENGINE OIL"
14-06-17,14-06-17,kishXXXXXXXXXX,KA03JLXXXX,"BAJAJ AVENGER STREET 220",18714,"DISC OIL"
14-06-17,14-06-17,kishXXXXXXXXXX,KA03JLXXXX,"BAJAJ AVENGER STREET 220",18714,"CHAIN LUBRICATION"
14-06-17,14-06-17,kishXXXXXXXXXX,KA03JLXXXX,"BAJAJ AVENGER STREET 220",18714,"BRAKE SHOE"
14-06-17,14-06-17,kishXXXXXXXXXX,KA03JLXXXX,"BAJAJ AVENGER STREET 220",18714,"3M OIL"
14-06-17,14-06-17,kishXXXXXXXXXX,KA03JLXXXX,"BAJAJ AVENGER STREET 220",18714,"AIR FILTER CHECKUP"
14-06-17,14-06-17,kishXXXXXXXXXX,KA03JLXXXX,"BAJAJ AVENGER STREET 220",18714,"DISC PAD"
14-06-17,14-06-17,kishXXXXXXXXXX,KA03JLXXXX,"BAJAJ AVENGER STREET 220",18714,POLISH
14-06-17,14-06-17,kishXXXXXXXXXX,KA03JLXXXX,"BAJAJ AVENGER STREET 220",18714,"GENERAL SERVICE"
14-06-17,14-06-17,kishXXXXXXXXXX,KA53EMXXXX,"BAJAJ AVENGER STREET",17286,"GENERAL SERVICE"
14-06-17,14-06-17,kishXXXXXXXXXX,KA53EMXXXX,"BAJAJ AVENGER STREET",17286,"AIR FILTER CHECKUP"
14-06-17,14-06-17,kishXXXXXXXXXX,KA53EMXXXX,"BAJAJ AVENGER STREET",17286,"CHAIN LUBRICATION"
14-06-17,14-06-17,hariXXXXXXXXXX,KA53ENXXXX,"BAJAJ AVENGER STREET 220",10013,"DISC PAD"
14-06-17,14-06-17,hariXXXXXXXXXX,KA53ENXXXX,"BAJAJ AVENGER STREET 220",10013,"BRAKE SHOE"
14-06-17,14-06-17,hariXXXXXXXXXX,KA53ENXXXX,"BAJAJ AVENGER STREET 220",10013,"DISC OIL"
14-06-17,14-06-17,hariXXXXXXXXXX,KA53ENXXXX,"BAJAJ AVENGER STREET 220",10013,"CHAIN LUBRICATION"
14-06-17,14-06-17,hariXXXXXXXXXX,KA53ENXXXX,"BAJAJ AVENGER STREET 220",10013,"ENGINE OIL"
14-06-17,14-06-17,hariXXXXXXXXXX,KA53ENXXXX,"BAJAJ AVENGER STREET 220",10013,CONSUMABLES
14-06-17,14-06-17,hariXXXXXXXXXX,KA53ENXXXX,"BAJAJ AVENGER STREET 220",10013,"LADIES FOOT REST"
14-06-17,14-06-17,hariXXXXXXXXXX,KA53ENXXXX,"BAJAJ AVENGER STREET 220",10013,"DRUM BOLT"
14-06-17,14-06-17,hariXXXXXXXXXX,KA53ENXXXX,"BAJAJ AVENGER STREET 220",10013,"GENERAL SERVICE"
14-06-17,14-06-17,hariXXXXXXXXXX,KA53ENXXXX,"BAJAJ AVENGER STREET 220",10013,"AIR FILTER CHECKUP"
14-06-17,14-06-17,hariXXXXXXXXXX,KA53ERXXXX,"BAJAJ PULSAR 150",5236,"WHEEL RUBBER"
14-06-17,14-06-17,hariXXXXXXXXXX,KA53ERXXXX,"BAJAJ PULSAR 150",5236,CONSUMABLES
14-06-17,14-06-17,hariXXXXXXXXXX,KA53ERXXXX,"BAJAJ PULSAR 150",5236,"3M OIL"
14-06-17,14-06-17,hariXXXXXXXXXX,KA53ERXXXX,"BAJAJ PULSAR 150",5236,"BRAKE SHOE"
14-06-17,14-06-17,hariXXXXXXXXXX,KA53ERXXXX,"BAJAJ PULSAR 150",5236,"ENGINE OIL"
14-06-17,14-06-17,hariXXXXXXXXXX,KA53ERXXXX,"BAJAJ PULSAR 150",5236,"CHAIN LUBRICATION"
14-06-17,14-06-17,hariXXXXXXXXXX,KA53ERXXXX,"BAJAJ PULSAR 150",5236,POLISH
15-06-17,14-06-17,naveXXXXXXXXXX,KA53W3XXXX,"BAJAJ DISCOVER 150",25677,"FOOT REST RUBBER"
15-06-17,14-06-17,naveXXXXXXXXXX,KA53W3XXXX,"BAJAJ DISCOVER 150",25677,NULL
15-06-17,14-06-17,naveXXXXXXXXXX,KA53W3XXXX,"BAJAJ DISCOVER 150",25677,"ENGINE OIL"
15-06-17,14-06-17,naveXXXXXXXXXX,KA53W3XXXX,"BAJAJ DISCOVER 150",25677,"AIR FILTER CHECKUP"
15-06-17,14-06-17,naveXXXXXXXXXX,KA53W3XXXX,"BAJAJ DISCOVER 150",25677,NULL
15-06-17,14-06-17,naveXXXXXXXXXX,KA53W3XXXX,"BAJAJ DISCOVER 150",25677,"GENERAL SERVICE"
15-06-17,14-06-17,naveXXXXXXXXXX,KA53W3XXXX,"BAJAJ DISCOVER 150",25677,"BRAKE SHOE"
15-06-17,14-06-17,naveXXXXXXXXXX,KA53W3XXXX,"BAJAJ DISCOVER 150",25677,"OIL FILTER"
15-06-17,14-06-17,naveXXXXXXXXXX,KA53W3XXXX,"BAJAJ DISCOVER 150",25677,"WHEEL RUBBER"
15-06-17,14-06-17,naveXXXXXXXXXX,KA53W3XXXX,"BAJAJ DISCOVER 150",25677,"CHAIN LUBRICATION"
14-06-17,14-06-17,"d raXXXXXXXXXX",KA53ERXXXX,"BAJAJ PULSAR 150",4580,"3M OIL"
14-06-17,14-06-17,"d raXXXXXXXXXX",KA53ERXXXX,"BAJAJ PULSAR 150",4580,"CHAIN LUBRICATION"
14-06-17,14-06-17,"d raXXXXXXXXXX",KA53ERXXXX,"BAJAJ PULSAR 150",4580,"ENGINE OIL"
14-06-17,14-06-17,"d raXXXXXXXXXX",KA53ERXXXX,"BAJAJ PULSAR 150",4580,"AIR FILTER CHECKUP"
14-06-17,14-06-17,sudeXXXXXXXXXX,KA53ENXXXX,"BAJAJ PULSAR 220",8786,"CHAIN LUBRICATION"
14-06-17,14-06-17,sudeXXXXXXXXXX,KA53ENXXXX,"BAJAJ PULSAR 220",8786,"GENERAL SERVICE"
14-06-17,14-06-17,sudeXXXXXXXXXX,KA53ENXXXX,"BAJAJ PULSAR 220",8786,"DISC OIL"
14-06-17,14-06-17,sudeXXXXXXXXXX,KA53ENXXXX,"BAJAJ PULSAR 220",8786,"ENGINE OIL"
14-06-17,14-06-17,sudeXXXXXXXXXX,KA53ENXXXX,"BAJAJ PULSAR 220",8786,"AIR FILTER CHECKUP"
15-06-17,14-06-17,maliXXXXXXXXXX,KA03JJXXXX,"BAJAJ PULSAR 150",4536,"SILENCER JALL"
15-06-17,14-06-17,maliXXXXXXXXXX,KA03JJXXXX,"BAJAJ PULSAR 150",4536,"ENGINE OIL"
15-06-17,14-06-17,maliXXXXXXXXXX,KA03JJXXXX,"BAJAJ PULSAR 150",4536,"WIND SHIELD"
15-06-17,14-06-17,maliXXXXXXXXXX,KA03JJXXXX,"BAJAJ PULSAR 150",4536,VISIOR
15-06-17,14-06-17,maliXXXXXXXXXX,KA03JJXXXX,"BAJAJ PULSAR 150",4536,"CHAIN LUBRICATION"
15-06-17,14-06-17,maliXXXXXXXXXX,KA03JJXXXX,"BAJAJ PULSAR 150",4536,CONSUMABLES
15-06-17,14-06-17,maliXXXXXXXXXX,KA03JJXXXX,"BAJAJ PULSAR 150",4536,"HEAD LIGHT DOOM"
15-06-17,14-06-17,maliXXXXXXXXXX,KA03JJXXXX,"BAJAJ PULSAR 150",4536,"DISC OIL"
15-06-17,14-06-17,maliXXXXXXXXXX,KA03JJXXXX,"BAJAJ PULSAR 150",4536,POLISH
15-06-17,14-06-17,maliXXXXXXXXXX,KA03JJXXXX,"BAJAJ PULSAR 150",4536,"TANK COVER"
15-06-17,14-06-17,maliXXXXXXXXXX,KA03JJXXXX,"BAJAJ PULSAR 150",4536,"3M OIL"
15-06-17,14-06-17,kailXXXXXXXXXX,KA01HNXXXX,"BAJAJ PULSAR 150",8679,NULL
15-06-17,14-06-17,kailXXXXXXXXXX,KA01HNXXXX,"BAJAJ PULSAR 150",8679,"AIR FILTER CHECKUP"
15-06-17,14-06-17,kailXXXXXXXXXX,KA01HNXXXX,"BAJAJ PULSAR 150",8679,"DISC OIL"
15-06-17,14-06-17,kailXXXXXXXXXX,KA01HNXXXX,"BAJAJ PULSAR 150",8679,"CHAIN LUBRICATION"
15-06-17,14-06-17,kailXXXXXXXXXX,KA01HNXXXX,"BAJAJ PULSAR 150",8679,"BRAKE SHOE"
15-06-17,14-06-17,kailXXXXXXXXXX,KA01HNXXXX,"BAJAJ PULSAR 150",8679,"GENERAL SERVICE"
15-06-17,14-06-17,kailXXXXXXXXXX,KA01HNXXXX,"BAJAJ PULSAR 150",8679,"WHEEL RUBBER"
15-06-17,14-06-17,kailXXXXXXXXXX,KA01HNXXXX,"BAJAJ PULSAR 150",8679,"CLUTCH SWITCH"
15-06-17,14-06-17,rameXXXXXXXXXX,KA53ESXXXX,"BAJAJ PLATINA",914,"CHAIN LUBRICATION"
15-06-17,14-06-17,rameXXXXXXXXXX,KA53ESXXXX,"BAJAJ PLATINA",914,"ENGINE OIL"
15-06-17,14-06-17,rameXXXXXXXXXX,KA53ESXXXX,"BAJAJ PLATINA",914,POLISH
15-06-17,14-06-17,rameXXXXXXXXXX,KA53ESXXXX,"BAJAJ PLATINA",914,"3M OIL"
15-06-17,14-06-17,rameXXXXXXXXXX,KA53ESXXXX,"BAJAJ PLATINA",914,CONSUMABLES
14-06-17,14-06-17,rajkXXXXXXXXXX,KA04EVXXXX,"BAJAJ AVENGER STREET 220",2,"AIR FILTER CHECKUP"
14-06-17,14-06-17,rajkXXXXXXXXXX,KA04EVXXXX,"BAJAJ AVENGER STREET 220",2,TENSIONER
14-06-17,14-06-17,rajkXXXXXXXXXX,KA04EVXXXX,"BAJAJ AVENGER STREET 220",2,"clutch cable"
14-06-17,14-06-17,rajkXXXXXXXXXX,KA04EVXXXX,"BAJAJ AVENGER STREET 220",2,"BRAKE CABLE"
14-06-17,14-06-17,rajkXXXXXXXXXX,KA04EVXXXX,"BAJAJ AVENGER STREET 220",2,"LOADING GEAR"
14-06-17,14-06-17,rajkXXXXXXXXXX,KA04EVXXXX,"BAJAJ AVENGER STREET 220",2,"GENERAL SERVICE"
14-06-17,14-06-17,rajkXXXXXXXXXX,KA04EVXXXX,"BAJAJ AVENGER STREET 220",2,"BORE KIT"
14-06-17,14-06-17,rajkXXXXXXXXXX,KA04EVXXXX,"BAJAJ AVENGER STREET 220",2,"ENGINE OIL"
14-06-17,14-06-17,rajkXXXXXXXXXX,KA04EVXXXX,"BAJAJ AVENGER STREET 220",2,"CLUTCH BELL REST"
14-06-17,14-06-17,rajkXXXXXXXXXX,KA04EVXXXX,"BAJAJ AVENGER STREET 220",2,"PACKING KIT"
14-06-17,14-06-17,rajkXXXXXXXXXX,KA04EVXXXX,"BAJAJ AVENGER STREET 220",2,"VALVE GRAINDING"
14-06-17,14-06-17,rajkXXXXXXXXXX,KA04EVXXXX,"BAJAJ AVENGER STREET 220",2,"TIMMING CHAIN PAD"
14-06-17,14-06-17,rajkXXXXXXXXXX,KA04EVXXXX,"BAJAJ AVENGER STREET 220",2,"BRAKE SHOE"
14-06-17,14-06-17,rajkXXXXXXXXXX,KA04EVXXXX,"BAJAJ AVENGER STREET 220",2,"LOCK ARM"
14-06-17,14-06-17,rajkXXXXXXXXXX,KA04EVXXXX,"BAJAJ AVENGER STREET 220",2,"VALVE KIT"
14-06-17,14-06-17,rajkXXXXXXXXXX,KA04EVXXXX,"BAJAJ AVENGER STREET 220",2,"VALVE GUIDE"
14-06-17,14-06-17,rajkXXXXXXXXXX,KA04EVXXXX,"BAJAJ AVENGER STREET 220",2,"TIMMING CHAIN"
14-06-17,14-06-17,rajkXXXXXXXXXX,KA04EVXXXX,"BAJAJ AVENGER STREET 220",2,"ENGINE BEARING"
14-06-17,14-06-17,rajkXXXXXXXXXX,KA04EVXXXX,"BAJAJ AVENGER STREET 220",2,"MASTER ASSEMBLY"
14-06-17,14-06-17,rajkXXXXXXXXXX,KA04EVXXXX,"BAJAJ AVENGER STREET 220",2,SILENCER
14-06-17,14-06-17,rajkXXXXXXXXXX,KA04EVXXXX,"BAJAJ AVENGER STREET 220",2,"DISC PUMP KIT"
14-06-17,14-06-17,rajkXXXXXXXXXX,KA04EVXXXX,"BAJAJ AVENGER STREET 220",2,"CALIPER ASSEMBLY"
14-06-17,14-06-17,rajkXXXXXXXXXX,KA04EVXXXX,"BAJAJ AVENGER STREET 220",2,"TANK COVER"
14-06-17,14-06-17,rajkXXXXXXXXXX,KA04EVXXXX,"BAJAJ AVENGER STREET 220",2,"CRANK RESET"
14-06-17,14-06-17,rajkXXXXXXXXXX,KA04EVXXXX,"BAJAJ AVENGER STREET 220",2,"CRANK SHAFT"
14-06-17,14-06-17,rajkXXXXXXXXXX,KA04EVXXXX,"BAJAJ AVENGER STREET 220",2,RACTIFIER
14-06-17,14-06-17,rajkXXXXXXXXXX,KA04EVXXXX,"BAJAJ AVENGER STREET 220",2,"CLUTCH ASSEMBLY"
14-06-17,14-06-17,rajkXXXXXXXXXX,KA04EVXXXX,"BAJAJ AVENGER STREET 220",2,"SELF MOTOR"
14-06-17,14-06-17,rajkXXXXXXXXXX,KA04EVXXXX,"BAJAJ AVENGER STREET 220",2,"HEAD REST"
14-06-17,14-06-17,raviXXXXXXXXXX,KA03JAXXXX,"BAJAJ PULSAR AS 200",9273,"HEAD LIGHT BULB"
14-06-17,14-06-17,raviXXXXXXXXXX,KA03JAXXXX,"BAJAJ PULSAR AS 200",9273,CONSUMABLES
14-06-17,14-06-17,raviXXXXXXXXXX,KA03JAXXXX,"BAJAJ PULSAR AS 200",9273,"WIRING CHECKUP"
14-06-17,14-06-17,raviXXXXXXXXXX,KA03JAXXXX,"BAJAJ PULSAR AS 200",9273,INDICATOR
14-06-17,14-06-17,raviXXXXXXXXXX,KA03JAXXXX,"BAJAJ PULSAR AS 200",9273,"CHAIN SPROCKET"
14-06-17,14-06-17,raviXXXXXXXXXX,KA03JAXXXX,"BAJAJ PULSAR AS 200",9273,"ENGINE OIL"
14-06-17,14-06-17,raviXXXXXXXXXX,KA03JAXXXX,"BAJAJ PULSAR AS 200",9273,"AIR FILTER CHECKUP"
14-06-17,14-06-17,raviXXXXXXXXXX,KA03JAXXXX,"BAJAJ PULSAR AS 200",9273,"WHEEL RUBBER"
14-06-17,14-06-17,raviXXXXXXXXXX,KA03JAXXXX,"BAJAJ PULSAR AS 200",9273,"CHAIN OVERHAUL"
14-06-17,14-06-17,raviXXXXXXXXXX,KA03JAXXXX,"BAJAJ PULSAR AS 200",9273,"GENERAL SERVICE"
15-06-17,15-06-17,manjXXXXXXXXXX,KA53EQXXXX,"BAJAJ V150",3605,"3M OIL"
15-06-17,15-06-17,manjXXXXXXXXXX,KA53EQXXXX,"BAJAJ V150",3605,"ENGINE OIL"
15-06-17,15-06-17,manjXXXXXXXXXX,KA53EQXXXX,"BAJAJ V150",3605,CONSUMABLES
15-06-17,15-06-17,manjXXXXXXXXXX,KA53EQXXXX,"BAJAJ V150",3605,"CHAIN LUBRICATION"
15-06-17,15-06-17,manjXXXXXXXXXX,KA53EQXXXX,"BAJAJ V150",3605,POLISH
15-06-17,15-06-17,hariXXXXXXXXXX,KA53ESXXXX,"BAJAJ CT 100",169,"ENGINE OIL"
15-06-17,15-06-17,hariXXXXXXXXXX,KA53ESXXXX,"BAJAJ CT 100",169,"CHAIN OVERHAUL"
15-06-17,15-06-17,hariXXXXXXXXXX,KA53ESXXXX,"BAJAJ CT 100",169,CONSUMABLES
15-06-17,15-06-17,hariXXXXXXXXXX,KA53ESXXXX,"BAJAJ CT 100",169,"3M OIL"
15-06-17,15-06-17,hariXXXXXXXXXX,KA53ESXXXX,"BAJAJ CT 100",169,POLISH
15-06-17,15-06-17,pratXXXXXXXXXX,KA04HZXXXX,"BAJAJ AVENGER STREET 220",19053,"DISC PAD"
15-06-17,15-06-17,pratXXXXXXXXXX,KA04HZXXXX,"BAJAJ AVENGER STREET 220",19053,"GENERAL SERVICE"
15-06-17,15-06-17,pratXXXXXXXXXX,KA04HZXXXX,"BAJAJ AVENGER STREET 220",19053,"ENGINE OIL"
15-06-17,15-06-17,pratXXXXXXXXXX,KA04HZXXXX,"BAJAJ AVENGER STREET 220",19053,"BRAKE SHOE"
15-06-17,15-06-17,pratXXXXXXXXXX,KA04HZXXXX,"BAJAJ AVENGER STREET 220",19053,"AIR FILTER CHECKUP"
15-06-17,15-06-17,pratXXXXXXXXXX,KA04HZXXXX,"BAJAJ AVENGER STREET 220",19053,"DISC OIL"
15-06-17,15-06-17,pratXXXXXXXXXX,KA04HZXXXX,"BAJAJ AVENGER STREET 220",19053,"CHAIN LUBRICATION"
15-06-17,15-06-17,pratXXXXXXXXXX,KA04HZXXXX,"BAJAJ AVENGER STREET 220",19053,"FORK CONE SET"
15-06-17,15-06-17,pratXXXXXXXXXX,KA04HZXXXX,"BAJAJ AVENGER STREET 220",19053,YOKE
15-06-17,15-06-17,pratXXXXXXXXXX,KA04HZXXXX,"BAJAJ AVENGER STREET 220",19053,MIRROR
15-06-17,15-06-17,pratXXXXXXXXXX,KA04HZXXXX,"BAJAJ AVENGER STREET 220",19053,"FORK ASSEMBLY"
15-06-17,15-06-17,pratXXXXXXXXXX,KA04HZXXXX,"BAJAJ AVENGER STREET 220",19053,HANDLEBAR
15-06-17,15-06-17,shivXXXXXXXXXX,KA11ECXXXX,"BAJAJ AVENGER STREET 220",20000,"ONE WAY CLUTCH BUSH KIT"
15-06-17,15-06-17,shivXXXXXXXXXX,KA11ECXXXX,"BAJAJ AVENGER STREET 220",20000,"ONE WAY CLUTCH"
15-06-17,15-06-17,shivXXXXXXXXXX,KA11ECXXXX,"BAJAJ AVENGER STREET 220",20000,"ENGINE OIL"
15-06-17,15-06-17,shivXXXXXXXXXX,KA11ECXXXX,"BAJAJ AVENGER STREET 220",20000,WASHING
16-06-17,16-06-17,vishXXXXXXXXXX,KA01HMXXXX,"BAJAJ DISCOVER 150",6255,"ENGINE OIL"
16-06-17,16-06-17,vishXXXXXXXXXX,KA01HMXXXX,"BAJAJ DISCOVER 150",6255,"GENERAL SERVICE"
16-06-17,16-06-17,vishXXXXXXXXXX,KA01HMXXXX,"BAJAJ DISCOVER 150",6255,"OIL FILTER"
16-06-17,16-06-17,vishXXXXXXXXXX,KA01HMXXXX,"BAJAJ DISCOVER 150",6255,"CHAIN LUBRICATION"
16-06-17,16-06-17,vishXXXXXXXXXX,KA01HMXXXX,"BAJAJ DISCOVER 150",6255,"DISC OIL"
16-06-17,16-06-17,vishXXXXXXXXXX,KA01HMXXXX,"BAJAJ DISCOVER 150",6255,"SIDE SHIELD LOCK"
16-06-17,16-06-17,vishXXXXXXXXXX,KA01HMXXXX,"BAJAJ DISCOVER 150",6255,"BRAKE SHOE"
16-06-17,16-06-17,megaXXXXXXXXXX,TN29BBXXXX,"BAJAJ PULSAR 150",24934,"AIR FILTER CHECKUP"
16-06-17,16-06-17,megaXXXXXXXXXX,TN29BBXXXX,"BAJAJ PULSAR 150",24934,"GENERAL SERVICE"
16-06-17,16-06-17,megaXXXXXXXXXX,TN29BBXXXX,"BAJAJ PULSAR 150",24934,"ENGINE OIL"
16-06-17,16-06-17,megaXXXXXXXXXX,TN29BBXXXX,"BAJAJ PULSAR 150",24934,"DISC OIL"
16-06-17,16-06-17,megaXXXXXXXXXX,TN29BBXXXX,"BAJAJ PULSAR 150",24934,"CHAIN LUBRICATION"
16-06-17,16-06-17,megaXXXXXXXXXX,TN29BBXXXX,"BAJAJ PULSAR 150",24934,CONSUMABLES
16-06-17,16-06-17,srinXXXXXXXXXX,KA04HWXXXX,"BAJAJ DISCOVER 150",35713,"GENERAL SERVICE"
16-06-17,16-06-17,srinXXXXXXXXXX,KA04HWXXXX,"BAJAJ DISCOVER 150",35713,"ENGINE OIL"
16-06-17,16-06-17,srinXXXXXXXXXX,KA04HWXXXX,"BAJAJ DISCOVER 150",35713,"OIL FILTER"
16-06-17,16-06-17,srinXXXXXXXXXX,KA04HWXXXX,"BAJAJ DISCOVER 150",35713,"OIL CAMP O RING"
16-06-17,16-06-17,srinXXXXXXXXXX,KA04HWXXXX,"BAJAJ DISCOVER 150",35713,"DISC OIL"
16-06-17,16-06-17,ganeXXXXXXXXXX,KA53ENXXXX,"BAJAJ PULSAR 220",17397,"CHAIN LUBRICATION"
16-06-17,16-06-17,ganeXXXXXXXXXX,KA53ENXXXX,"BAJAJ PULSAR 220",17397,"ENGINE OIL"
16-06-17,16-06-17,ganeXXXXXXXXXX,KA53ENXXXX,"BAJAJ PULSAR 220",17397,"AIR FILTER CHECKUP"
16-06-17,16-06-17,ganeXXXXXXXXXX,KA53ENXXXX,"BAJAJ PULSAR 220",17397,"GENERAL SERVICE"
16-06-17,16-06-17,ganeXXXXXXXXXX,KA53ENXXXX,"BAJAJ PULSAR 220",17397,"DISC OIL"
16-06-17,16-06-17,ganeXXXXXXXXXX,KA53ENXXXX,"BAJAJ PULSAR 220",17397,CONSUMABLES
16-06-17,16-06-17,ganeXXXXXXXXXX,KA53ENXXXX,"BAJAJ PULSAR 220",17397,"DISC PAD"
16-06-17,16-06-17,kishXXXXXXXXXX,KA53ESXXXX,"BAJAJ PULSAR 150",900,POLISH
16-06-17,16-06-17,kishXXXXXXXXXX,KA53ESXXXX,"BAJAJ PULSAR 150",900,"ENGINE OIL"
16-06-17,16-06-17,kishXXXXXXXXXX,KA53ESXXXX,"BAJAJ PULSAR 150",900,"3M OIL"
16-06-17,16-06-17,kishXXXXXXXXXX,KA53ESXXXX,"BAJAJ PULSAR 150",900,CONSUMABLES
16-06-17,16-06-17,kishXXXXXXXXXX,KA53ESXXXX,"BAJAJ PULSAR 150",900,"CHAIN LUBRICATION"
16-06-17,16-06-17,hariXXXXXXXXXX,KA53ESXXXX,"BAJAJ AVENGER STREET",457,NULL
16-06-17,16-06-17,hariXXXXXXXXXX,KA53ESXXXX,"BAJAJ AVENGER STREET",457,CONSUMABLES
16-06-17,16-06-17,hariXXXXXXXXXX,KA53ESXXXX,"BAJAJ AVENGER STREET",457,"CHAIN LUBRICATION"
16-06-17,16-06-17,hariXXXXXXXXXX,KA53ESXXXX,"BAJAJ AVENGER STREET",457,"3M OIL"
16-06-17,16-06-17,hariXXXXXXXXXX,KA53ESXXXX,"BAJAJ AVENGER STREET",457,POLISH
16-06-17,16-06-17,hariXXXXXXXXXX,KA53ESXXXX,"BAJAJ AVENGER STREET",457,"ENGINE OIL"
16-06-17,16-06-17,balaXXXXXXXXXX,KA53EMXXXX,"BAJAJ PULSAR 150",3786,"CHAIN LUBRICATION"
16-06-17,16-06-17,balaXXXXXXXXXX,KA53EMXXXX,"BAJAJ PULSAR 150",3786,"ENGINE OIL"
16-06-17,16-06-17,balaXXXXXXXXXX,KA53EMXXXX,"BAJAJ PULSAR 150",3786,"AIR FILTER CHECKUP"
16-06-17,16-06-17,balaXXXXXXXXXX,KA53EMXXXX,"BAJAJ PULSAR 150",3786,"GENERAL SERVICE"
16-06-17,16-06-17,balaXXXXXXXXXX,KA53EMXXXX,"BAJAJ PULSAR 150",3786,"WHEEL RUBBER"
16-06-17,16-06-17,balaXXXXXXXXXX,KA53EMXXXX,"BAJAJ PULSAR 150",3786,"DISC OIL"
16-06-17,16-06-17,madhXXXXXXXXXX,KA53EQXXXX,"BAJAJ PULSAR 150",5158,"CHAIN LUBRICATION"
16-06-17,16-06-17,madhXXXXXXXXXX,KA53EQXXXX,"BAJAJ PULSAR 150",5158,"ENGINE OIL"
16-06-17,16-06-17,madhXXXXXXXXXX,KA53EQXXXX,"BAJAJ PULSAR 150",5158,"WHEEL RUBBER"
16-06-17,16-06-17,madhXXXXXXXXXX,KA53EQXXXX,"BAJAJ PULSAR 150",5158,"GENERAL SERVICE"
16-06-17,16-06-17,madhXXXXXXXXXX,KA53EQXXXX,"BAJAJ PULSAR 150",5158,"AIR FILTER CHECKUP"
16-06-17,16-06-17,madhXXXXXXXXXX,KA53EQXXXX,"BAJAJ PULSAR 150",5158,"DISC OIL"
16-06-17,16-06-17,madhXXXXXXXXXX,KA53EQXXXX,"BAJAJ PULSAR 150",5158,"BRAKE SHOE"
16-06-17,16-06-17,chirXXXXXXXXXX,KA05JDXXXX,"BAJAJ PULSAR 220",25813,"SPARK PLUG"
16-06-17,16-06-17,chirXXXXXXXXXX,KA05JDXXXX,"BAJAJ PULSAR 220",25813,"DISC PAD"
16-06-17,16-06-17,chirXXXXXXXXXX,KA05JDXXXX,"BAJAJ PULSAR 220",25813,"AIR FILTER CHECKUP"
16-06-17,16-06-17,chirXXXXXXXXXX,KA05JDXXXX,"BAJAJ PULSAR 220",25813,"GENERAL SERVICE"
16-06-17,16-06-17,chirXXXXXXXXXX,KA05JDXXXX,"BAJAJ PULSAR 220",25813,"Clutch CABLE"
16-06-17,16-06-17,chirXXXXXXXXXX,KA05JDXXXX,"BAJAJ PULSAR 220",25813,"DISC OIL"
16-06-17,16-06-17,chirXXXXXXXXXX,KA05JDXXXX,"BAJAJ PULSAR 220",25813,"ENGINE OIL"
16-06-17,16-06-17,chirXXXXXXXXXX,KA05JDXXXX,"BAJAJ PULSAR 220",25813,"CHAIN LUBRICATION"
17-06-17,16-06-17,PANDXXXXXXXXXX,KA53ESXXXX,"BAJAJ PULSAR 220",1345,"3M OIL"
17-06-17,16-06-17,PANDXXXXXXXXXX,KA53ESXXXX,"BAJAJ PULSAR 220",1345,CONSUMABLES
17-06-17,16-06-17,PANDXXXXXXXXXX,KA53ESXXXX,"BAJAJ PULSAR 220",1345,"CHAIN LUBRICATION"
17-06-17,16-06-17,PANDXXXXXXXXXX,KA53ESXXXX,"BAJAJ PULSAR 220",1345,POLISH
17-06-17,16-06-17,PANDXXXXXXXXXX,KA53ESXXXX,"BAJAJ PULSAR 220",1345,"ENGINE OIL"
17-06-17,17-06-17,vijaXXXXXXXXXX,KA53ETXXXX,"BAJAJ PULSAR 150",741,"3M OIL"
17-06-17,17-06-17,vijaXXXXXXXXXX,KA53ETXXXX,"BAJAJ PULSAR 150",741,"CHAIN LUBRICATION"
17-06-17,17-06-17,vijaXXXXXXXXXX,KA53ETXXXX,"BAJAJ PULSAR 150",741,POLISH
17-06-17,17-06-17,vijaXXXXXXXXXX,KA53ETXXXX,"BAJAJ PULSAR 150",741,"ENGINE OIL"
17-06-17,17-06-17,vijaXXXXXXXXXX,KA53ETXXXX,"BAJAJ PULSAR 150",741,CONSUMABLES
17-06-17,17-06-17,akshXXXXXXXXXX,KA01HFXXXX,"BAJAJ PULSAR 150",16239,"MASTER ASSEMBLY"
17-06-17,17-06-17,akshXXXXXXXXXX,KA01HFXXXX,"BAJAJ PULSAR 150",16239,"DISC OVERHUAL"
17-06-17,17-06-17,akshXXXXXXXXXX,KA01HFXXXX,"BAJAJ PULSAR 150",16239,"DISC OIL"
17-06-17,17-06-17,akshXXXXXXXXXX,KA01HFXXXX,"BAJAJ PULSAR 150",16239,"GENERAL SERVICE"
17-06-17,17-06-17,akshXXXXXXXXXX,KA01HFXXXX,"BAJAJ PULSAR 150",16239,"AIR FILTER CHECKUP"
17-06-17,17-06-17,akshXXXXXXXXXX,KA01HFXXXX,"BAJAJ PULSAR 150",16239,"CHAIN LUBRICATION"
17-06-17,17-06-17,akshXXXXXXXXXX,KA01HFXXXX,"BAJAJ PULSAR 150",16239,"ENGINE OIL"
17-06-17,17-06-17,anilXXXXXXXXXX,KA53ERXXXX,"BAJAJ PULSAR 180",4551,"3M OIL"
17-06-17,17-06-17,anilXXXXXXXXXX,KA53ERXXXX,"BAJAJ PULSAR 180",4551,POLISH
17-06-17,17-06-17,anilXXXXXXXXXX,KA53ERXXXX,"BAJAJ PULSAR 180",4551,"CHAIN LUBRICATION"
17-06-17,17-06-17,anilXXXXXXXXXX,KA53ERXXXX,"BAJAJ PULSAR 180",4551,"ENGINE OIL"
17-06-17,17-06-17,anilXXXXXXXXXX,KA53ERXXXX,"BAJAJ PULSAR 180",4551,CONSUMABLES
17-06-17,17-06-17,rajuXXXXXXXXXX,KA53ETXXXX,"BAJAJ PULSAR NS 200",3149,"ENGINE OIL"
17-06-17,17-06-17,rajuXXXXXXXXXX,KA53ETXXXX,"BAJAJ PULSAR NS 200",3149,"AIR FILTER CHECKUP"
17-06-17,17-06-17,rajuXXXXXXXXXX,KA53ETXXXX,"BAJAJ PULSAR NS 200",3149,"OIL FILTER"
17-06-17,17-06-17,rajuXXXXXXXXXX,KA53ETXXXX,"BAJAJ PULSAR NS 200",3149,POLISH
17-06-17,17-06-17,rajuXXXXXXXXXX,KA53ETXXXX,"BAJAJ PULSAR NS 200",3149,CONSUMABLES
17-06-17,17-06-17,rajuXXXXXXXXXX,KA53ETXXXX,"BAJAJ PULSAR NS 200",3149,"3M OIL"
17-06-17,17-06-17,rajuXXXXXXXXXX,KA53ETXXXX,"BAJAJ PULSAR NS 200",3149,"CHAIN LUBRICATION"
18-06-17,18-06-17,samaXXXXXXXXXX,KA53EQXXXX,"BAJAJ PULSAR AS 200",4944,CONSUMABLES
18-06-17,18-06-17,samaXXXXXXXXXX,KA53EQXXXX,"BAJAJ PULSAR AS 200",4944,"OIL FILTER"
18-06-17,18-06-17,samaXXXXXXXXXX,KA53EQXXXX,"BAJAJ PULSAR AS 200",4944,POLISH
18-06-17,18-06-17,samaXXXXXXXXXX,KA53EQXXXX,"BAJAJ PULSAR AS 200",4944,"ENGINE OIL"
18-06-17,18-06-17,samaXXXXXXXXXX,KA53EQXXXX,"BAJAJ PULSAR AS 200",4944,"3M OIL"
18-06-17,18-06-17,samaXXXXXXXXXX,KA53EQXXXX,"BAJAJ PULSAR AS 200",4944,"BRAKE SHOE"
18-06-17,18-06-17,samaXXXXXXXXXX,KA53EQXXXX,"BAJAJ PULSAR AS 200",4944,"WHEEL RUBBER"
18-06-17,18-06-17,samaXXXXXXXXXX,KA53EQXXXX,"BAJAJ PULSAR AS 200",4944,"DISC OIL"
18-06-17,18-06-17,sridXXXXXXXXXX,KA53EPXXXX,"BAJAJ AVENGER STREET 220",5857,"TAIL LAMP COVER"
18-06-17,18-06-17,sridXXXXXXXXXX,KA53EPXXXX,"BAJAJ AVENGER STREET 220",5857,"3M OIL"
18-06-17,18-06-17,sridXXXXXXXXXX,KA53EPXXXX,"BAJAJ AVENGER STREET 220",5857,"CHAIN LUBRICATION"
18-06-17,18-06-17,sridXXXXXXXXXX,KA53EPXXXX,"BAJAJ AVENGER STREET 220",5857,POLISH
18-06-17,18-06-17,sridXXXXXXXXXX,KA53EPXXXX,"BAJAJ AVENGER STREET 220",5857,"ENGINE OIL"
18-06-17,18-06-17,sridXXXXXXXXXX,KA53EPXXXX,"BAJAJ AVENGER STREET 220",5857,CONSUMABLES
18-06-17,18-06-17,janaXXXXXXXXXX,KA53ENXXXX,"BAJAJ DISCOVER 125",15440,"OIL FILTER"
18-06-17,18-06-17,janaXXXXXXXXXX,KA53ENXXXX,"BAJAJ DISCOVER 125",15440,"ENGINE OIL"
18-06-17,18-06-17,janaXXXXXXXXXX,KA53ENXXXX,"BAJAJ DISCOVER 125",15440,"GENERAL SERVICE"
18-06-17,18-06-17,janaXXXXXXXXXX,KA53ENXXXX,"BAJAJ DISCOVER 125",15440,"AIR FILTER CHECKUP"
18-06-17,18-06-17,janaXXXXXXXXXX,KA53ENXXXX,"BAJAJ DISCOVER 125",15440,"TANK BAG"
18-06-17,18-06-17,janaXXXXXXXXXX,KA53ENXXXX,"BAJAJ DISCOVER 125",15440,"WIND SHIELD"
18-06-17,18-06-17,janaXXXXXXXXXX,KA53ENXXXX,"BAJAJ DISCOVER 125",15440,"DISC OIL"
18-06-17,18-06-17,janaXXXXXXXXXX,KA53ENXXXX,"BAJAJ DISCOVER 125",15440,"CHAIN LUBRICATION"
18-06-17,18-06-17,janaXXXXXXXXXX,KA53ENXXXX,"BAJAJ DISCOVER 125",15440,"TAIL LAMP BULB"
18-06-17,18-06-17,kiraXXXXXXXXXX,KA53EJXXXX,"BAJAJ PULSAR 150",10150,"GENERAL SERVICE"
18-06-17,18-06-17,kiraXXXXXXXXXX,KA53EJXXXX,"BAJAJ PULSAR 150",10150,"ENGINE OIL"
18-06-17,18-06-17,kiraXXXXXXXXXX,KA53EJXXXX,"BAJAJ PULSAR 150",10150,"AIR FILTER CHECKUP"
18-06-17,18-06-17,kiraXXXXXXXXXX,KA53EJXXXX,"BAJAJ PULSAR 150",10150,"DISC OIL"
18-06-17,18-06-17,kiraXXXXXXXXXX,KA53EJXXXX,"BAJAJ PULSAR 150",10150,"BRAKE SHOE"
18-06-17,18-06-17,kiraXXXXXXXXXX,KA53EJXXXX,"BAJAJ PULSAR 150",10150,"WHEEL RUBBER"
18-06-17,18-06-17,kiraXXXXXXXXXX,KA53EJXXXX,"BAJAJ PULSAR 150",10150,"CHAIN LUBRICATION"
19-06-17,19-06-17,firdXXXXXXXXXX,KA04JFXXXX,"BAJAJ V150",15771,"OIL FILTER"
19-06-17,19-06-17,firdXXXXXXXXXX,KA04JFXXXX,"BAJAJ V150",15771,"CHAIN LUBRICATION"
19-06-17,19-06-17,firdXXXXXXXXXX,KA04JFXXXX,"BAJAJ V150",15771,"ENGINE OIL"
19-06-17,19-06-17,firdXXXXXXXXXX,KA04JFXXXX,"BAJAJ V150",15771,"GENERAL SERVICE"
19-06-17,19-06-17,firdXXXXXXXXXX,KA04JFXXXX,"BAJAJ V150",15771,"DISC OIL"
19-06-17,19-06-17,balaXXXXXXXXXX,KA53EJXXXX,"BAJAJ PULSAR 150",8330,"DISC OIL"
19-06-17,19-06-17,balaXXXXXXXXXX,KA53EJXXXX,"BAJAJ PULSAR 150",8330,"ENGINE OIL"
19-06-17,19-06-17,balaXXXXXXXXXX,KA53EJXXXX,"BAJAJ PULSAR 150",8330,"AIR FILTER CHECKUP"
19-06-17,19-06-17,balaXXXXXXXXXX,KA53EJXXXX,"BAJAJ PULSAR 150",8330,"HEAD RUBBER"
19-06-17,19-06-17,balaXXXXXXXXXX,KA53EJXXXX,"BAJAJ PULSAR 150",8330,"WHEEL RUBBER"
19-06-17,19-06-17,balaXXXXXXXXXX,KA53EJXXXX,"BAJAJ PULSAR 150",8330,"CHAIN LUBRICATION"
19-06-17,19-06-17,balaXXXXXXXXXX,KA53EJXXXX,"BAJAJ PULSAR 150",8330,"GENERAL SERVICE"
19-06-17,19-06-17,akasXXXXXXXXXX,KA51ENXXXX,"BAJAJ DISCOVER 150",2862,"DISC OIL"
19-06-17,19-06-17,akasXXXXXXXXXX,KA51ENXXXX,"BAJAJ DISCOVER 150",2862,"AIR FILTER CHECKUP"
19-06-17,19-06-17,akasXXXXXXXXXX,KA51ENXXXX,"BAJAJ DISCOVER 150",2862,"ENGINE OIL"
19-06-17,19-06-17,akasXXXXXXXXXX,KA51ENXXXX,"BAJAJ DISCOVER 150",2862,"GENERAL SERVICE"
19-06-17,19-06-17,akasXXXXXXXXXX,KA51ENXXXX,"BAJAJ DISCOVER 150",2862,"CHAIN LUBRICATION"
19-06-17,19-06-17,akasXXXXXXXXXX,KA51ENXXXX,"BAJAJ DISCOVER 150",2862,"OIL FILTER"
19-06-17,19-06-17,akasXXXXXXXXXX,KA51ENXXXX,"BAJAJ DISCOVER 150",2862,BATTERY
19-06-17,19-06-17,GYANXXXXXXXXXX,KA03JEXXXX,"BAJAJ PULSAR AS 200",10882,"CHAIN LUBRICATION"
19-06-17,19-06-17,GYANXXXXXXXXXX,KA03JEXXXX,"BAJAJ PULSAR AS 200",10882,"OIL FILTER"
19-06-17,19-06-17,GYANXXXXXXXXXX,KA03JEXXXX,"BAJAJ PULSAR AS 200",10882,"GENERAL SERVICE"
19-06-17,19-06-17,GYANXXXXXXXXXX,KA03JEXXXX,"BAJAJ PULSAR AS 200",10882,"ENGINE OIL"
19-06-17,19-06-17,kumaXXXXXXXXXX,KA53EPXXXX,"BAJAJ PULSAR 180",12890,"AIR FILTER CHECKUP"
19-06-17,19-06-17,kumaXXXXXXXXXX,KA53EPXXXX,"BAJAJ PULSAR 180",12890,"CHAIN LUBRICATION"
19-06-17,19-06-17,kumaXXXXXXXXXX,KA53EPXXXX,"BAJAJ PULSAR 180",12890,"ENGINE OIL"
19-06-17,19-06-17,kumaXXXXXXXXXX,KA53EPXXXX,"BAJAJ PULSAR 180",12890,"GENERAL SERVICE"
19-06-17,19-06-17,kumaXXXXXXXXXX,KA53EPXXXX,"BAJAJ PULSAR 180",12890,"WIND SHIELD STICKER"
20-06-17,20-06-17,JIBUXXXXXXXXXX,KA53ENXXXX,"BAJAJ CT 100",10207,CONSUMABLES
20-06-17,20-06-17,JIBUXXXXXXXXXX,KA53ENXXXX,"BAJAJ CT 100",10207,"BRAKE SHOE"
20-06-17,20-06-17,JIBUXXXXXXXXXX,KA53ENXXXX,"BAJAJ CT 100",10207,"3M OIL"
20-06-17,20-06-17,JIBUXXXXXXXXXX,KA53ENXXXX,"BAJAJ CT 100",10207,"BRAKE SHOE"
20-06-17,20-06-17,JIBUXXXXXXXXXX,KA53ENXXXX,"BAJAJ CT 100",10207,"CHAIN LUBRICATION"
20-06-17,20-06-17,JIBUXXXXXXXXXX,KA53ENXXXX,"BAJAJ CT 100",10207,"ENGINE OIL"
20-06-17,20-06-17,NAVEXXXXXXXXXX,KA53EPXXXX,"BAJAJ PULSAR 220",15134,"AIR FILTER CHECKUP"
20-06-17,20-06-17,NAVEXXXXXXXXXX,KA53EPXXXX,"BAJAJ PULSAR 220",15134,"ENGINE OIL"
20-06-17,20-06-17,NAVEXXXXXXXXXX,KA53EPXXXX,"BAJAJ PULSAR 220",15134,"GENERAL SERVICE"
20-06-17,20-06-17,NAVEXXXXXXXXXX,KA53EPXXXX,"BAJAJ PULSAR 220",15134,"CHAIN LUBRICATION"
20-06-17,20-06-17,NAVEXXXXXXXXXX,KA53EPXXXX,"BAJAJ PULSAR 220",15134,"DISK PAD"
20-06-17,20-06-17,NAVEXXXXXXXXXX,KA53EPXXXX,"BAJAJ PULSAR 220",15134,"DISC OIL"
21-06-17,20-06-17,PRASXXXXXXXXXX,KA02HJXXXX,"BAJAJ PULSAR 150",63159,"GENERAL SERVICE"
21-06-17,20-06-17,PRASXXXXXXXXXX,KA02HJXXXX,"BAJAJ PULSAR 150",63159,"AIR FILTER CHECKUP"
21-06-17,20-06-17,PRASXXXXXXXXXX,KA02HJXXXX,"BAJAJ PULSAR 150",63159,"CHAIN LUBRICATION"
21-06-17,20-06-17,PRASXXXXXXXXXX,KA02HJXXXX,"BAJAJ PULSAR 150",63159,"ENGINE OIL"
20-06-17,20-06-17,SAHIXXXXXXXXXX,KA01EYXXXX,"BAJAJ PULSAR NS 200",25000,"ACCELATOR CABLE"
20-06-17,20-06-17,SAHIXXXXXXXXXX,KA01EYXXXX,"BAJAJ PULSAR NS 200",25000,LABOUR
20-06-17,20-06-17,kumaXXXXXXXXXX,KA53EMXXXX,"BAJAJ AVENGER STREET 220",20586,"DISC PAD"
20-06-17,20-06-17,kumaXXXXXXXXXX,KA53EMXXXX,"BAJAJ AVENGER STREET 220",20586,"DISC OIL"
20-06-17,20-06-17,kumaXXXXXXXXXX,KA53EMXXXX,"BAJAJ AVENGER STREET 220",20586,"ENGINE OIL"
20-06-17,20-06-17,kumaXXXXXXXXXX,KA53EMXXXX,"BAJAJ AVENGER STREET 220",20586,"GENERAL SERVICE"
20-06-17,20-06-17,kumaXXXXXXXXXX,KA53EMXXXX,"BAJAJ AVENGER STREET 220",20586,"TAIL LAMP BULB"
20-06-17,20-06-17,kumaXXXXXXXXXX,KA53EMXXXX,"BAJAJ AVENGER STREET 220",20586,"CHAIN LUBRICATION"
21-06-17,21-06-17,hariXXXXXXXXXX,KA53EPXXXX,"BAJAJ PULSAR 150",15509,"ENGINE OIL"
21-06-17,21-06-17,hariXXXXXXXXXX,KA53EPXXXX,"BAJAJ PULSAR 150",15509,"GENERAL SERVICE"
21-06-17,21-06-17,hariXXXXXXXXXX,KA53EPXXXX,"BAJAJ PULSAR 150",15509,"DISC OIL"
21-06-17,21-06-17,hariXXXXXXXXXX,KA53EPXXXX,"BAJAJ PULSAR 150",15509,"CHAIN LUBRICATION"
21-06-17,21-06-17,hariXXXXXXXXXX,KA53EPXXXX,"BAJAJ PULSAR 150",15509,"WHEEL RUBBER"
21-06-17,21-06-17,PRASXXXXXXXXXX,KA54EMXXXX,"BAJAJ DISCOVER 150",16324,"GENERAL SERVICE"
21-06-17,21-06-17,PRASXXXXXXXXXX,KA54EMXXXX,"BAJAJ DISCOVER 150",16324,"AIR FILTER CHECKUP"
21-06-17,21-06-17,PRASXXXXXXXXXX,KA54EMXXXX,"BAJAJ DISCOVER 150",16324,"ENGINE OIL"
21-06-17,21-06-17,PRASXXXXXXXXXX,KA54EMXXXX,"BAJAJ DISCOVER 150",16324,"DISC OIL"
21-06-17,21-06-17,PRASXXXXXXXXXX,KA54EMXXXX,"BAJAJ DISCOVER 150",16324,"LOCK SET BOLT"
21-06-17,21-06-17,PRASXXXXXXXXXX,KA54EMXXXX,"BAJAJ DISCOVER 150",16324,"CHAIN LUBRICATION"
21-06-17,21-06-17,PRASXXXXXXXXXX,KA54EMXXXX,"BAJAJ DISCOVER 150",16324,"CLUTCH CABLE"
21-06-17,21-06-17,"ray XXXXXXXXXX",KA53ERXXXX,"BAJAJ PLATINA",4150,CONSUMABLES
21-06-17,21-06-17,"ray XXXXXXXXXX",KA53ERXXXX,"BAJAJ PLATINA",4150,"3M OIL"
21-06-17,21-06-17,"ray XXXXXXXXXX",KA53ERXXXX,"BAJAJ PLATINA",4150,"OIL FILTER"
21-06-17,21-06-17,"ray XXXXXXXXXX",KA53ERXXXX,"BAJAJ PLATINA",4150,"CHAIN LUBRICATION"
21-06-17,21-06-17,"ray XXXXXXXXXX",KA53ERXXXX,"BAJAJ PLATINA",4150,"ENGINE OIL"
21-06-17,21-06-17,ramaXXXXXXXXXX,KA53EEXXXX,"BAJAJ PULSAR 150",52000,"DISC OIL"
21-06-17,21-06-17,ramaXXXXXXXXXX,KA53EEXXXX,"BAJAJ PULSAR 150",52000,"GENERAL SERVICE"
21-06-17,21-06-17,ramaXXXXXXXXXX,KA53EEXXXX,"BAJAJ PULSAR 150",52000,MIRROR
21-06-17,21-06-17,ramaXXXXXXXXXX,KA53EEXXXX,"BAJAJ PULSAR 150",52000,YOKE
21-06-17,21-06-17,ramaXXXXXXXXXX,KA53EEXXXX,"BAJAJ PULSAR 150",52000,"CHAIN LUBRICATION"
21-06-17,21-06-17,ramaXXXXXXXXXX,KA53EEXXXX,"BAJAJ PULSAR 150",52000,"WHEEL RUBBER"
21-06-17,21-06-17,ramaXXXXXXXXXX,KA53EEXXXX,"BAJAJ PULSAR 150",52000,"BRAKE SHOE"
21-06-17,21-06-17,ramaXXXXXXXXXX,KA53EEXXXX,"BAJAJ PULSAR 150",52000,"ENGINE OIL"
22-06-17,22-06-17,vinoXXXXXXXXXX,KA50W1XXXX,"BAJAJ PULSAR 150",17152,"WHEEL RUBBER"
22-06-17,22-06-17,vinoXXXXXXXXXX,KA50W1XXXX,"BAJAJ PULSAR 150",17152,"ENGINE OIL"
22-06-17,22-06-17,vinoXXXXXXXXXX,KA50W1XXXX,"BAJAJ PULSAR 150",17152,"GENERAL SERVICE"
22-06-17,22-06-17,vinoXXXXXXXXXX,KA50W1XXXX,"BAJAJ PULSAR 150",17152,"AIR FILTER CHECKUP"
22-06-17,22-06-17,vinoXXXXXXXXXX,KA50W1XXXX,"BAJAJ PULSAR 150",17152,"BRAKE SHOE"
22-06-17,22-06-17,vinoXXXXXXXXXX,KA50W1XXXX,"BAJAJ PULSAR 150",17152,"CHAIN LUBRICATION"
22-06-17,22-06-17,rajbXXXXXXXXXX,KA53ETXXXX,"BAJAJ PULSAR LS135",888,"OIL FILTER"
22-06-17,22-06-17,rajbXXXXXXXXXX,KA53ETXXXX,"BAJAJ PULSAR LS135",888,"ENGINE OIL"
22-06-17,22-06-17,rajbXXXXXXXXXX,KA53ETXXXX,"BAJAJ PULSAR LS135",888,CONSUMABLES
22-06-17,22-06-17,rajbXXXXXXXXXX,KA53ETXXXX,"BAJAJ PULSAR LS135",888,"3M OIL"
22-06-17,22-06-17,rajbXXXXXXXXXX,KA53ETXXXX,"BAJAJ PULSAR LS135",888,"CHAIN LUBRICATION"
22-06-17,22-06-17,rajbXXXXXXXXXX,KA53ETXXXX,"BAJAJ PULSAR LS135",888,POLISH
22-06-17,22-06-17,mohaXXXXXXXXXX,KA53ECXXXX,"BAJAJ DISCOVER 125",54396,"TIMMING CHAIN PAD"
22-06-17,22-06-17,mohaXXXXXXXXXX,KA53ECXXXX,"BAJAJ DISCOVER 125",54396,"CRANK SHAFT"
22-06-17,22-06-17,mohaXXXXXXXXXX,KA53ECXXXX,"BAJAJ DISCOVER 125",54396,"CRANK RESET"
22-06-17,22-06-17,mohaXXXXXXXXXX,KA53ECXXXX,"BAJAJ DISCOVER 125",54396,"CLUTCH LEVER"
22-06-17,22-06-17,mohaXXXXXXXXXX,KA53ECXXXX,"BAJAJ DISCOVER 125",54396,"DISC LEVER"
22-06-17,22-06-17,mohaXXXXXXXXXX,KA53ECXXXX,"BAJAJ DISCOVER 125",54396,"DISC PUMP KIT"
22-06-17,22-06-17,mohaXXXXXXXXXX,KA53ECXXXX,"BAJAJ DISCOVER 125",54396,"ONE WAY CLUTCH BUSH KIT"
22-06-17,22-06-17,mohaXXXXXXXXXX,KA53ECXXXX,"BAJAJ DISCOVER 125",54396,"TAIL LAMP BULB"
22-06-17,22-06-17,mohaXXXXXXXXXX,KA53ECXXXX,"BAJAJ DISCOVER 125",54396,"ACCELATOR CABLE"
22-06-17,22-06-17,mohaXXXXXXXXXX,KA53ECXXXX,"BAJAJ DISCOVER 125",54396,"SPEEDOMETER CABLE"
22-06-17,22-06-17,mohaXXXXXXXXXX,KA53ECXXXX,"BAJAJ DISCOVER 125",54396,"GENERAL SERVICE"
22-06-17,22-06-17,mohaXXXXXXXXXX,KA53ECXXXX,"BAJAJ DISCOVER 125",54396,"STOPPER WELDING"
22-06-17,22-06-17,mohaXXXXXXXXXX,KA53ECXXXX,"BAJAJ DISCOVER 125",54396,"FOOT REST RUBBER"
22-06-17,22-06-17,mohaXXXXXXXXXX,KA53ECXXXX,"BAJAJ DISCOVER 125",54396,"CHAIN LUBRICATION"
22-06-17,22-06-17,mohaXXXXXXXXXX,KA53ECXXXX,"BAJAJ DISCOVER 125",54396,"AIR FILTER CHECKUP"
22-06-17,22-06-17,mohaXXXXXXXXXX,KA53ECXXXX,"BAJAJ DISCOVER 125",54396,"ENGINE BEARING"
22-06-17,22-06-17,mohaXXXXXXXXXX,KA53ECXXXX,"BAJAJ DISCOVER 125",54396,"SPARK PLUG"
22-06-17,22-06-17,mohaXXXXXXXXXX,KA53ECXXXX,"BAJAJ DISCOVER 125",54396,"ENGINE OIL"
22-06-17,22-06-17,mohaXXXXXXXXXX,KA53ECXXXX,"BAJAJ DISCOVER 125",54396,"CAM SHAFT"
22-06-17,22-06-17,mohaXXXXXXXXXX,KA53ECXXXX,"BAJAJ DISCOVER 125",54396,"OIL FILTER"
22-06-17,22-06-17,mohaXXXXXXXXXX,KA53ECXXXX,"BAJAJ DISCOVER 125",54396,"BRAKE SHOE"
22-06-17,22-06-17,mohaXXXXXXXXXX,KA53ECXXXX,"BAJAJ DISCOVER 125",54396,"clutch cable"
22-06-17,22-06-17,mohaXXXXXXXXXX,KA53ECXXXX,"BAJAJ DISCOVER 125",54396,"DISC PAD"
22-06-17,22-06-17,mohaXXXXXXXXXX,KA53ECXXXX,"BAJAJ DISCOVER 125",54396,BATTERY
22-06-17,22-06-17,mohaXXXXXXXXXX,KA53ECXXXX,"BAJAJ DISCOVER 125",54396,"CLUTCH BELL REST"
22-06-17,22-06-17,mohaXXXXXXXXXX,KA53ECXXXX,"BAJAJ DISCOVER 125",54396,TENSIONER
22-06-17,22-06-17,mohaXXXXXXXXXX,KA53ECXXXX,"BAJAJ DISCOVER 125",54396,"TIMMING CHAIN"
22-06-17,22-06-17,mohaXXXXXXXXXX,KA53ECXXXX,"BAJAJ DISCOVER 125",54396,"CLUTCH ASSEMBLY"
22-06-17,22-06-17,mohaXXXXXXXXXX,KA53ECXXXX,"BAJAJ DISCOVER 125",54396,"PACKING KIT"
22-06-17,22-06-17,mohaXXXXXXXXXX,KA53ECXXXX,"BAJAJ DISCOVER 125",54396,"LOCK ARM"
22-06-17,22-06-17,mohaXXXXXXXXXX,KA53ECXXXX,"BAJAJ DISCOVER 125",54396,"HEAD REST"
22-06-17,22-06-17,mohaXXXXXXXXXX,KA53ECXXXX,"BAJAJ DISCOVER 125",54396,"VALVE GRAINDING"
22-06-17,22-06-17,mohaXXXXXXXXXX,KA53ECXXXX,"BAJAJ DISCOVER 125",54396,"VALVE GUIDE"
22-06-17,22-06-17,mohaXXXXXXXXXX,KA53ECXXXX,"BAJAJ DISCOVER 125",54396,"VALVE KIT"
22-06-17,22-06-17,mohaXXXXXXXXXX,KA53ECXXXX,"BAJAJ DISCOVER 125",54396,"bore kit"
22-06-17,22-06-17,rameXXXXXXXXXX,KA53ERXXXX,"BAJAJ PULSAR 150",6352,"AIR FILTER CHECKUP"
22-06-17,22-06-17,rameXXXXXXXXXX,KA53ERXXXX,"BAJAJ PULSAR 150",6352,"3M OIL"
22-06-17,22-06-17,rameXXXXXXXXXX,KA53ERXXXX,"BAJAJ PULSAR 150",6352,"CHAIN LUBRICATION"
22-06-17,22-06-17,rameXXXXXXXXXX,KA53ERXXXX,"BAJAJ PULSAR 150",6352,"ENGINE OIL"
22-06-17,22-06-17,rameXXXXXXXXXX,KA53ERXXXX,"BAJAJ PULSAR 150",6352,"BRAKE SHOE"
22-06-17,22-06-17,muraXXXXXXXXXX,TN70D3XXXX,"BAJAJ DISCOVER 125",57165,"CHAIN SPROCKET"
22-06-17,22-06-17,muraXXXXXXXXXX,TN70D3XXXX,"BAJAJ DISCOVER 125",57165,"OIL FILTER"
22-06-17,22-06-17,muraXXXXXXXXXX,TN70D3XXXX,"BAJAJ DISCOVER 125",57165,"CLUTCH ASSEMBLY"
22-06-17,22-06-17,muraXXXXXXXXXX,TN70D3XXXX,"BAJAJ DISCOVER 125",57165,"GENERAL SERVICE"
22-06-17,22-06-17,muraXXXXXXXXXX,TN70D3XXXX,"BAJAJ DISCOVER 125",57165,"WHEEL RUBBER"
22-06-17,22-06-17,muraXXXXXXXXXX,TN70D3XXXX,"BAJAJ DISCOVER 125",57165,"ENGINE OIL"
22-06-17,22-06-17,muraXXXXXXXXXX,TN70D3XXXX,"BAJAJ DISCOVER 125",57165,MIRROR
22-06-17,22-06-17,muraXXXXXXXXXX,TN70D3XXXX,"BAJAJ DISCOVER 125",57165,"AIR FILTER CHECKUP"
22-06-17,22-06-17,muraXXXXXXXXXX,TN70D3XXXX,"BAJAJ DISCOVER 125",57165,"DISC PAD"
22-06-17,22-06-17,muraXXXXXXXXXX,TN70D3XXXX,"BAJAJ DISCOVER 125",57165,"CHAIN OVERHAUL"
22-06-17,22-06-17,muraXXXXXXXXXX,TN70D3XXXX,"BAJAJ DISCOVER 125",57165,"CLUTCH OVERHUAL"
22-06-17,22-06-17,balaXXXXXXXXXX,KA53ERXXXX,"BAJAJ PULSAR 220",6136,"CHAIN LUBRICATION"
22-06-17,22-06-17,balaXXXXXXXXXX,KA53ERXXXX,"BAJAJ PULSAR 220",6136,"GENERAL SERVICE"
22-06-17,22-06-17,balaXXXXXXXXXX,KA53ERXXXX,"BAJAJ PULSAR 220",6136,"LOW BEAM BULB"
22-06-17,22-06-17,balaXXXXXXXXXX,KA53ERXXXX,"BAJAJ PULSAR 220",6136,"ENGINE OIL"
22-06-17,22-06-17,balaXXXXXXXXXX,KA53ERXXXX,"BAJAJ PULSAR 220",6136,"WIND SHIELD STICKER"
